`,DistName,StateName,mean_RICEAREA_1000Ha_,mean_WHEATAREA_1000Ha_,mean_KHARIFSORGHUMAREA_1000Ha_,mean_RABISORGHUMAREA_1000Ha_,mean_SORGHUMAREA_1000Ha_,mean_PEARLMILLETAREA_1000Ha_,mean_MAIZEAREA_1000Ha_,mean_FINGERMILLETAREA_1000Ha_,mean_BARLEYAREA_1000Ha_,mean_CHICKPEAAREA_1000Ha_,mean_PIGEONPEAAREA_1000Ha_,mean_MINORPULSESAREA_1000Ha_,mean_GROUNDNUTAREA_1000Ha_,mean_SESAMUMAREA_1000Ha_,mean_RAPESEEDANDMUSTARDAREA_1000Ha_,mean_SAFFLOWERAREA_1000Ha_,mean_CASTORAREA_1000Ha_,mean_LINSEEDAREA_1000Ha_,mean_SUNFLOWERAREA_1000Ha_,mean_SOYABEANAREA_1000Ha_,mean_OILSEEDSAREA_1000Ha_,mean_SUGARCANEAREA_1000Ha_,mean_COTTONAREA_1000Ha_,mean_FRUITSAREA_1000Ha_,mean_VEGETABLESAREA_1000Ha_,mean_FRUITSANDVEGETABLESAREA_1000Ha_,mean_POTATOESAREA_1000Ha_,mean_ONIONAREA_1000Ha_,mean_FODDERAREA_1000Ha_,lat,lng
1,Durg,Chhattisgarh,728.464,39.421,0.3045,0.062,0.387,0.05475,4.09425,0.257,0.06,133.74725,19.27875,205.727,0.9235,4.38575,2.99925,0.28625,0.04375,58.38575,0.342,33.02725,97.34825,3.094,0.042,3.238,18.3515,21.5925,0.19775,0.4895,0.2425,21.1983,81.4008
2,Bastar,Chhattisgarh,597.44375,2.00275,5.076,0.56675,5.935,0,30.8015,6.7225,0.005,1.82025,2.47925,52.604,0.04625,2.73775,10.8965,0.00175,0.0085,3.19075,0.03625,0.143,31.0645,0.51675,0.01075,2.15825,8.09875,10.25475,0.1685,0.22775,0.022,19.1191,81.8292
3,Raipur,Chhattisgarh,891.452,14.211,0.3995,0,0.40525,0.00225,2.50075,0.931,0.0025,17.2515,3.581,156.48425,7.296,5.27775,2.451,0.22625,0.0115,20.201,0.3485,0.63425,36.03,0.281,0.005,2.28875,12.194,14.4815,0.33625,0.626,0.10975,21.2381,81.6337
4,Bilaspur,Chhattisgarh,699.816,18.5165,1.06675,0.00575,1.16175,0.009,10.70725,0,0.3075,41.615,7.07025,133.3275,4.039,3.92775,5.683,0.2315,0.166,17.32,0.1515,5.22,36.16675,1.5725,0,2.8215,13.05525,15.876,0.78575,0.60375,0.0205,22.1638,82.1366
5,Raigarh,Chhattisgarh,412.5115,3.2645,0.20175,0.0005,0.2135,0.03875,7.85625,0.76725,0.04,3.206,4.27675,59.267,11.6195,3.02925,6.23675,0.0135,0.00825,1.2305,1.0315,0.0415,43.09025,0.64925,0.1125,1.3905,9.12125,10.5115,1.87975,0.698,0.0225,22.2362,83.3530
6,Surguja,Chhattisgarh,358.37875,20.17175,2.868,0.06775,3.0845,0.00125,45.205,0.845,5.35075,5.02075,13.2675,48.8565,6.41975,6.706,24.577,0.00025,0,8.6855,0.0205,0.08325,69.0415,1.422,0.0677499999999999,0.92725,11.1085,12.036,5.1485,1.03,0.003,22.9469,83.1657
7,Jabalpur,Madhya Pradesh,151.625,168.62575,9.53925,0.005,9.54425,0.054,8.785,0.04525,0.499,83.295,12.0185,84.88225,0.06425,5.45075,5.555,0.1055,0,9.14375,0.42475,13.7405,37.611,0.465,0,3.75175,10.794,14.5455,1.14575,0.62075,0.779,23.1702,79.9325
8,Balaghat,Madhya Pradesh,240.207,20.21175,0.476,0.002,0.47825,0.0005,4.911,0.47475,0.06,10.29275,3.51025,26.74225,0.16775,1.117,4.6075,0.12825,0.0815,21.95725,0.0215,0.18825,25.98975,1.309,0,0.25475,2.68575,2.94,0.33625,0.2265,0.09975,21.8612,80.3237
9,Chhindwara,Madhya Pradesh,23.34425,94.7065,58.2475,0.05775,58.3055,0.1775,73.4555,0.21525,0,34.6145,27.04975,36.571,24.2385,2.145,0.484,0.0485,0.0185,1.2675,0.33025,95.1705,141.164,5.53325,19.88625,6.55275,10.79,17.34275,2.78075,0.932,0.43725,22.2072,78.7988
10,Narsinghpur,Madhya Pradesh,15.2715,61.22125,8.542,0.001,8.543,0.19675,0.98275,0.02,0,116.62125,25.22375,55.867,0.08325,4.70825,0.2755,0,0,0.4715,0.24275,62.25975,64.18,13.3725,0,0.11575,3.2305,3.34675,0.51025,0.58525,2.37675,22.9346,79.0868
11,Seoni / Shivani,Madhya Pradesh,110.82325,96.844,9.81025,0.0265,9.8365,0.0015,17.259,0.4955,0,34.73975,7.525,38.5505,4.01875,3.616,1.0215,0.082,0.00025,13.851,0.0205,63.6685,93.61,0.6675,0.0275,0.314,3.02975,3.34175,0.61325,0.297,1.6455,22.6707,76.1406
12,Mandla,Madhya Pradesh,172.0685,76.78,0.548,0.01025,0.558,0,34.63525,0.0625,0.175,19.16775,6.83725,54.02625,0.00775,2.38475,29.37575,0.06725,0,9.873,0.00475,6.611,77.7815,1.52275,0,0.18975,1.67925,1.86675,0.21575,0.24825,0.02975,22.6871,80.5816
13,Sagar,Madhya Pradesh,10.09425,216.39,10.99375,0.0575,11.05125,0.01025,4.1525,0.012,0.883,126.69375,4.83825,84.3785,3.39575,1.892,1.037,0.10825,0.007,12.9925,0.0105,145.9905,141.5625,0.268,0,0.19525,6.4665,6.6615,1.63,1.7745,30.18075,23.8083,78.7583
14,Damoh,Madhya Pradesh,55.01625,86.92125,9.54025,0.005,9.54525,0.10425,2.447,0.0025,0.1055,98.4805,8.61575,50.53725,1.0595,2.35125,0.83775,0.0145,0,11.46275,0.012,45.0905,52.669,0.2315,0,0.1915,2.644,2.86075,0.591,0.56425,4.53125,23.7981,79.5419
15,Tikamgarh,Madhya Pradesh,21.02725,98.6665,17.80325,0,17.80325,0.00075,2.565,0.14475,8.419,24.11775,0.8255,60.9405,10.9645,20.684,9.53675,0.00075,0.0025,1.3025,0.003,31.92825,66.3,0.68,0,0.20875,5.07525,5.2825,1.3245,0.33725,21.4265,24.8552,79.0473
16,Chhatarpur,Madhya Pradesh,16.0105,125.9455,21.29525,0.02075,21.316,0.09825,0.9355,0.09275,14.07625,71.72325,9.34,59.67675,5.093,38.1855,11.16975,0.295,0.0005,9.674,0.00275,24.84225,76.23275,0.222,0,0.158,5.25375,5.412,0.8165,0.50775,21.3985,24.7606,79.6782
17,Panna,Madhya Pradesh,57.26275,73.495,6.844,0.00275,6.84675,0.0825,2.65225,0.0385,3.897,62.86275,7.43425,28.9175,0.07,11.15025,3.72675,0.0085,0.005,9.74774999999999,0.00075,5.99375,26.60675,0.19925,0,0.66275,2.18925,2.8525,0.52125,0.34225,0.106,24.4499,80.1463
18,Rewa,Madhya Pradesh,122.88,154.89825,17.5925,0,17.5925,1.09475,1.48925,0.0275,6.704,59.139,16.98025,32.5365,0.00275,2.5445,3.4805,0.00425,0.011,19.02425,0.02025,19.4815,40.27825,0.0385,0,2.0255,3.30125,5.32625,1.2475,1.12525,0.1025,24.7561,81.3811
19,Sidhi,Madhya Pradesh,103.017,72.36625,15.447,0,15.447,1.57675,33.12825,1.225,27.23275,41.88675,32.07775,19.8375,0.01625,23.00475,8.855,0.00675,0.00075,12.64375,0.00225,0.6795,44.658,0.01575,0.0005,0.471,3.21725,3.6865,1.5015,0.542,0.017,24.2113,81.7000
20,Satna,Madhya Pradesh,89.4615,164.37925,7.25825,0,7.25825,0.16125,1.457,0.01275,9.0955,67.35525,19.78075,39.22775,0.00875,3.917,2.38875,0.03,0.0005,14.149,0.00325,27.93975,42.8195,0.20925,0.00025,1.74975,5.8775,7.626,1.55225,1.49375,0.042,24.6954,80.7770
21,Shahdol,Madhya Pradesh,235.81175,65.59525,4.081,0.003,4.084,0.053,33.38875,0.0025,2.68775,17.21125,17.807,31.8365,0.59025,12.649,18.76825,0.17075,0.005,11.32975,0.0055,6.58225,60.0335,0.0225,0.0005,0.24025,2.98825,3.22775,0.8015,0.3055,0.00525,23.3002,81.3648
22,Gwalior,Madhya Pradesh,25.09725,94.69375,13.36675,0,13.36675,4.86625,0.49475,0,1.6125,34.86125,3.9205,14.113,1.13675,7.60375,42.63275,0.0005,0,2.57575,0.00075,5.08775,59.3605,2.69475,0,0.172,2.63425,2.8055,1.06125,0.11875,5.4105,26.2037,78.1574
23,Shivpuri,Madhya Pradesh,7.891,114.54525,26.96125,0,26.96125,6.38075,23.81375,0.02125,3.02525,62.73975,0.82825,35.478,56.078,8.67325,34.862,0.00625,0.00225,4.1185,0.00425,61.853,146.09525,1.001,0.0145,0.28375,2.65325,2.937,0.40175,0.45025,33.99625,25.3741,77.8279
24,Guna,Madhya Pradesh,2.2015,197.73725,70.602,0,70.602,0.3705,27.43875,0,0.435,162.322,1.77225,49.70775,0.905,2.049,7.36825,0.12725,0,4.966,0.0385,143.64375,136.094,0.94125,0.12575,0.2795,1.34375,1.62325,0.2135,0.25825,35.696,24.5002,77.2601
25,Datia,Madhya Pradesh,3.73775,75.69325,8.9865,0.00075,8.98725,1.1425,1.3465,0,2.27825,38.223,3.78975,27.40575,4.5585,13.96075,8.4315,0.0015,0.0025,1.814,0.00025,2.00475,27.104,2.0425,0,0.0765,0.91,0.987,0.155,0.0845,1.829,25.9183,78.6645
26,Morena,Madhya Pradesh,6.87875,123.5445,10.42125,0,10.42125,85.39075,1.29725,0,3.349,30.114,12.286,7.9685,0.68,14.90325,178.775,0.01075,0.0055,2.2025,0,15.5655,197.537,2.51225,0.15625,0.1415,2.8225,2.96175,1.00825,0.12275,6.0965,26.3850,77.8613
27,Bhind,Madhya Pradesh,8.524,89.10925,14.6955,0,14.6955,34.55575,0.01325,0,10.26925,46.0085,10.3455,25.257,0.0025,6.073,100.40725,0.03625,0,1.2175,0,0.46675,101.7405,0.1055,0.00075,0.13875,1.5925,1.731,0.5665,0.185,3.87575,26.3519,78.6863
28,Indore,Madhya Pradesh,0.15325,92.31525,18.0225,0,18.0225,0.00825,9.68425,0,0.025,52.6355,4.56325,3.1535,0.65725,0.00275,0.09175,0.08175,0.00175,2.8965,0.005,166.53825,156.21,1.1065,0.31775,0.476,17.2525,17.72825,12.473,1.6195,20.9305,22.7204,75.8682
29,Ratlam,Madhya Pradesh,3.039,59.24725,23.01675,0.0005,23.0175,1.7475,51.3545,0.005,0.0945,60.098,2.29225,28.426,1.8855,0.227,4.68475,0.06475,0.00325,1.90625,0.06875,130.82075,124.05075,0.807,25.12725,0.38475,3.2245,3.6095,0.28425,1.02675,32.87225,23.5022,74.9552
30,Ujjain,Madhya Pradesh,0.10075,122.43375,61.909,0,61.909,0.618,11.44025,0,0.16075,111.0515,4.66425,16.46575,2.29675,0.08725,1.64775,0.116,0,5.356,0.10475,307.22875,284.22025,0.90425,5.6005,0.561,8.28825,8.8495,2.66175,1.5565,35.60175,23.1885,75.7717
31,Mandsaur,Madhya Pradesh,0.224,79.61325,58.5425,0,58.5425,0.968750000000001,92.33725,0,0.8025,81.87375,3.91625,67.53325,17.34525,1.22775,36.963,0.048,0,4.3795,0.4345,221.49225,247.6895,0.483,1.82875,3.136,1.90625,5.04125,0.04275,0.925,54.119,24.2628,75.3857
32,Dewas,Madhya Pradesh,1.1145,91.37125,48.9275,0.06825,48.996,0.12375,11.0325,0,0.08875,76.4065,10.44775,5.5955,2.291,1.60975,0.40475,0.0475,0,3.1095,0.01375,203.57875,188.4575,2.81575,31.088,0.2765,7.632,7.9065,3.23325,2.05625,29.35475,22.8057,76.2940
33,Dhar,Madhya Pradesh,5.0205,122.15175,38.49175,0.1785,38.6705,6.0035,69.90975,0.00525,0.93425,61.29475,6.69225,40.6355,13.842,0.43175,0.15025,0.037,0.32725,4.56425,0.0045,181.31425,180.62625,0.93025,82.23275,1.152,4.701,5.8535,0.903,0.9515,22.6425,22.5787,75.2259
34,Jhabua,Madhya Pradesh,24.15825,31.7745,23.456,0.99875,24.455,14.337,98.21075,0.2725,0.72225,29.625,6.19175,86.9905,17.83125,0.32075,0.0555,0.01,1.4945,0.001,0.0565,32.392,45.73475,0.08175,24.72325,0.06,2.21275,2.272,0.02125,0.23675,11.5545,22.8870,74.7243
35,Khargone / West Nimar,Madhya Pradesh,10.39025,80.53275,137.2305,1.27825,138.5085,17.82675,55.27575,0.0875,0.57375,16.44525,21.60375,57.696,37.18525,1.06125,0.0445,0.267,0.2745,0.29475,0.0825,51.1475,85.185,2.6675,214.9375,2.18625,4.00875,6.192,0.08925,1.4405,7.28025,21.8256,75.6142
36,Khandwa / East Nimar,Madhya Pradesh,21.837,60.2355,72.45125,0.09475,72.5455,0.9295,10.398,0.02525,0.7995,18.1005,14.98675,34.7175,11.93825,5.11975,0.01025,0.01,0.1725,0.322,0.12325,94.1895,93.55825,2.2595,125.999,14.6845,7.67525,22.36,0.226,3.70275,4.3595,23.8143,77.5341
37,Sehore,Madhya Pradesh,8.4545,225.32825,26.201,0.15475,26.35575,0.00825,13.798,0,0.09975,111.72625,13.28175,20.2855,1.281,2.9605,0.313,0.0325,0.0025,6.024,0.14775,251.45125,235.38075,3.041,2.73,0.40125,4.512,4.913,0.2385,1.31275,46.856,23.1150,77.0665
38,Raisen,Madhya Pradesh,21.35775,181.8795,4.54875,0.0125,4.56125,0.0365,3.43125,0.0075,0.0735,114.0395,23.4605,66.80575,0.173,5.13325,0.4895,0.04375,0,8.28225,0.005,85.6415,90.50675,0.39725,0.00175,0.13425,1.41675,1.5495,0.1615,0.26425,13.762,23.2676,78.1727
39,Vidisha,Madhya Pradesh,1.503,234.5285,18.5115,0.0275,18.539,0.04325,6.86375,0.0225,0.36125,163.54175,3.095,82.50525,1.26375,0.31975,1.92975,0.001,0,3.57775,0.031,116.72725,100.17625,0.267,0.00075,0.32275,1.77775,2.101,0.186,0.153,14.455,23.8463,77.8370
40,Betul,Madhya Pradesh,37.3595,87.6055,53.251,0.005,53.256,0.07125,31.118,0.09725,0,32.8835,24.425,21.3945,5.965,1.67875,0.6095,0.0815,0,1.5485,0.15875,144.9245,151.13725,4.42425,1.1865,0.38175,4.34675,4.72675,0.916,0.2945,6.6575,21.8797,77.8754
41,Rajgarh,Madhya Pradesh,2.87825,69.3125,73.2175,0,73.2175,0.0055,41.83125,0,0.2275,71.24525,10.4625,21.77875,6.815,1.68425,1.50725,0.005,0.00275,0.208,0.54825,189.26125,178.74425,0.53825,5.34125,0.58475,2.5985,3.183,0.609,0.987,46.2195,23.8717,76.7745
42,Shajapur,Madhya Pradesh,1.60925,78.38975,66.21925,0,66.21925,0.39275,30.80725,0,0.20425,96.25975,6.436,17.1915,7.80175,0.693,2.74875,0.0525,0,0.5135,1.023,232.417,219.385,1.093,7.47325,1.388,7.03275,8.42125,2.609,2.762,37.60275,23.4171,76.6075
43,Hoshangabad,Madhya Pradesh,24.83775,250.41825,12.62725,0.21625,12.8435,0.0925,4.5665,0.02175,0.32625,82.48625,17.669,23.12275,0.1755,11.313,0.4055,0.05775,0.01775,10.728,0.01025,241.2175,244.97225,1.369,13.94575,1.4255,3.93075,5.356,0.266,0.5125,14.057,22.7546,77.7198
44,Srikakulam,Andhra Pradesh,259.30575,0,0.7365,1.4265,2.167,6.74275,7.87675,16.04775,0,0.13175,2.04,94.229,61.08875,13.8705,0.00325,0.00275,0.0005,0,0.80025,0,88.91375,14.17225,5.653,44.30125,6.2115,50.5115,0.0085,1.09525,0.60925,18.2949,83.8939
45,Visakhapatnam,Andhra Pradesh,160.9495,0,3.20225,1.623,4.831,29.385,11.434,37.2165,0,0.11525,4.97125,46.16125,43.98075,21.56675,0.02275,0,0.017,0,0.2215,0,85.971,48.908,4.37975,57.97725,9.681,67.65625,0.11125,0.5225,1.8225,17.6936,83.2921
46,East Godavari,Andhra Pradesh,388.7805,0,1.21175,0.97775,2.18975,6.262,5.587,1.1125,0,0.19175,3.39375,79.85825,4.49975,7.183,0.0025,0.0035,0.0205,0.00025,0.173,0.018,50.99075,17.3345,8.42525,59.12125,21.63175,80.753,0.0015,0.36575,9.96425,16.9957,81.7154
47,West Godavari,Andhra Pradesh,431.8805,0.00025,1.114,1.164,2.2775,0.07725,19.904,0.0835,0,0.012,1.0185,19.55525,6.09375,4.478,0.00625,0.01,0.03275,0,0.65825,0.00025,34.5915,32.41175,3.32775,60.42175,5.06525,65.48675,0,0.02275,3.34025,16.6443,81.5885
48,Krishna,Andhra Pradesh,351.75325,0,0.10425,10.7605,10.864,0.2165,10.1105,0.02775,0,0.4835,6.209,147.18625,16.702,2.49175,0.35325,0.004,0.013,0.00075,1.13225,0,23.64675,18.52575,28.487,57.5025,6.62,64.12275,0.0005,0.074,12.55775,16.2135,81.0278
49,Guntur,Andhra Pradesh,340.04225,0.00125,13.75925,15.82225,29.581,16.80575,27.69025,4.3325,0,25.293,43.90375,148.52775,24.041,14.67325,1.148,0.0035,10.50975,0.00425,5.02325,0.0955,56.72575,2.54075,171.74075,18.05925,13.62525,31.68375,0.0015,0.9495,57.23625,16.2915,80.4542
50,S.P.S. Nellore,Andhra Pradesh,263.68825,0.00025,9.01025,18.2955,27.30575,14.679,3.35325,5.82125,0,18.2755,18.86125,35.99675,30.13825,10.36425,0.01775,0.036,5.65075,0.00875,7.90825,0.00375,55.439,6.7895,23.78,31.66575,4.775,36.441,0.00075,0.1645,16.31325,14.4571,79.9896
51,Kurnool,Andhra Pradesh,106.70775,0.7645,32.687,111.24225,143.928,22.2915,11.535,1.532,0,97.8765,40.073,19.68625,217.41375,2.851,1.45825,3.2505,16.20825,0.002,88.2575,0.09875,328.744,0.96725,105.9945,10.08275,28.50075,38.583,0.02525,10.70575,5.8075,15.8309,78.0425
52,Ananthapur,Andhra Pradesh,49.04975,0.4755,19.5285,23.78675,43.315,12.687,7.606,10.24175,0,35.3305,31.87775,18.60625,646.06775,0.8935,0.0045,1.929,5.71175,0.014,24.68775,0.21325,666.3715,1.082,17.8345,25.68,6.72,32.40025,0.01025,1.566,2.09875,14.5301,77.6672
53,Kadapa YSR,Andhra Pradesh,58.39025,0.12425,26.62025,6.73375,33.35225,8.665,0.689,2.7255,0,33.6225,9.537,7.567,145.09125,4.5705,0.00125,0.92725,1.34225,0.094,33.75475,0.02475,200.28,0.998,15.1895,32.75125,7.3615,40.1125,0,3.00975,0.83575,14.7600,78.5590
54,Chittoor,Andhra Pradesh,83.96525,0.0065,5.14875,0.64075,5.78925,7.21875,0.88675,17.63575,0,0.0035,6.63,12.62775,213.2465,1.18025,0.04825,0.04725,0.23425,0.00875,1.41075,0.0005,220.938,33.04675,0.13525,41.2155,16.049,57.2645,0.72325,0.61425,4.942,13.3250,79.6481
55,Hyderabad,Telangana,42.42075,1.9105,53.466,17.954,71.4195,2.33475,19.988,6.48525,0,5.11775,30.94975,23.60875,6.72225,1.8685,0.004,4.2525,15.92475,0.53325,1.114,0.1735,31.71275,1.54175,23.8855,5.5395,17.9755,23.5155,0.20125,2.18075,2.915,17.3606,78.4741
56,Nizamabad,Telangana,154.1615,1.7905,5.36275,20.96175,26.32475,4.02625,62.23275,0.40525,0,10.709,3.46975,26.43125,6.8,1.9335,0.09575,1.749,0.13525,0.4845,8.33525,21.49575,36.56525,18.102,12.256,1.21425,3.6755,4.88925,0.00025,1.184,4.5155,18.6732,78.0978
57,Medak,Telangana,109.24575,2.701,48.25725,40.69775,88.9545,2.131,88.58025,1.6335,0,20.14825,18.5885,56.9515,4.20875,2.274,0.005,5.63325,2.57175,1.186,7.50275,3.68075,26.80275,25.73625,34.55775,3.72775,9.182,12.9085,1.237,2.61925,0.282,17.9375,78.2117
58,Mahabubnagar,Telangana,126.77725,0.3345,131.473,40.36925,171.842,18.39275,57.40075,17.88125,0,9.98975,62.71925,43.62075,127.958,1.30675,0.0065,1.7125,95.562,0.28725,16.38525,0.02525,238.3335,0.70475,75.67525,7.99775,8.5185,16.51375,0.008,2.635,0.728,16.6966,77.9591
59,Nalgonda,Telangana,255.0255,0.00825,27.8645,24.76025,52.62375,36.36225,2.243,0.03075,0,0.745,24.95625,53.49075,42.26625,3.87025,0,0.33575,78.57525,0,1.62725,0.007,125.7975,0.69925,95.6785,19.31425,2.63325,21.94675,0.00025,0.0185,0.64175,17.0504,79.2669
60,Warangal,Telangana,170.04025,0.0785,15.438,28.678,44.11625,4.93075,56.532,0.0055,0,1.14825,14.293,55.976,52.17225,16.5155,0,0.02275,5.801,0.015,3.30325,0.03575,77.9005,0.01275,117.17375,6.09875,3.253,9.352,0.00225,0.23025,0.146,17.9821,79.5971
61,Khammam,Telangana,147.11075,0,3.85925,44.02525,47.88475,1.54425,18.89275,0.00725,0,0.215,18.35675,54.89975,17.3595,6.0545,0.001,0.0025,0.00325,0.00425,1.19225,0.005,26.036,3.5955,73.922,31.19675,1.9095,33.105,0,0.02125,3.27625,17.2465,80.1500
62,Karimnagar,Telangana,225.419,0.1615,7.29575,11.48175,18.778,0.78625,100.002,0,0,1.86225,6.53925,57.11525,27.65625,4.727,0.06775,0.05,1.68025,0,3.05375,1.5715,37.75775,1.89125,84.697,10.408,4.011,14.41825,0.0025,0.5495,0.069,18.4348,79.1328
63,Adilabad,Telangana,69.01025,3.078,55.74125,76.75075,132.492,0.5005,25.03375,0.0005,0,7.6645,38.3935,43.4405,2.6385,16.37675,0.114,0.259,1.43625,3.14375,3.0065,26.7495,56.19875,0.31125,192.8335,4.803,3.56625,8.368,0.00175,0.37275,2.11175,19.6759,78.5340
64,Bangalore,Karnataka,19.58225,0.0755,0.07475,0.01175,0.087,0.0065,10.09075,177.455,0,0.222,5.894,37.78025,16.0085,2.54025,1.66225,0.0025,2.69125,0.00025,0.30225,0.00725,24.42875,1.99625,0,22.73175,10.92275,33.65475,1.488,0.14225,8.9065,12.9768,77.5901
65,Kolar,Karnataka,20.82325,0.1605,1.68,0.07475,1.75475,1.2895,24.30825,109.62275,0,0.1955,8.82275,28.21025,61.11525,0.30375,0.66225,0.01025,0.34975,0,1.819,0.0005,61.328,2.5665,0.075,38.85925,15.78425,54.642,3.931,1.04575,3.397,13.1805,78.2669
66,Tumkur,Karnataka,31.976,0.12975,5.77225,1.8915,7.664,1.0715,10.9935,168.0445,0,0.852,10.86825,59.671,125.18725,0.55225,0.6805,0.01275,4.2495,0.01425,5.0575,0.005,132.23125,1.976,0.824,12.38575,1.92725,14.311,0.04025,0.25425,11.948,13.3401,77.1006
67,Mysore,Karnataka,103.17475,0.13125,52.3695,1.26975,53.67225,1.23675,34.793,97.5625,0,3.282,7.12425,121.5815,28.0545,8.097,0.00975,0.0625,3.7115,0.00075,13.15575,0.02825,54.344,15.85425,42.1255,8.4025,6.9095,15.31,0.14575,1.7755,0.15025,12.3052,76.6554
68,Mandya,Karnataka,69.49525,0.01175,3.4615,0.1125,3.573,0.00375,1.831,73.50575,0,0.20375,1.6105,52.733,6.05475,3.847,0.00025,0,1.421,0.0005,0.20575,0.02125,13.7185,27.60625,0.10075,3.34075,4.11625,7.45675,0.088,0.2205,2.40325,12.6369,76.7275
69,Hassan,Karnataka,51.6625,0.15625,5.533,1.44825,6.98125,0.0045,26.12825,111.49425,0,1.88525,2.7905,46.0745,2.87725,3.9,0.172,0,2.396,0,7.5365,0.02375,19.243,3.973,3.09125,4.755,21.32375,26.07825,17.4725,0.132,0.854,13.0302,76.1745
70,Shimoge,Karnataka,156.306,0.08975,11.136,1.69625,12.83075,0.002,29.82525,21.21175,0,0.2885,1.16675,10.88175,8.7395,0.6715,0.038,0.042,0.1665,0.00925,2.568,0.00675,13.044,9.7705,14.4085,7.332,1.10775,8.43975,0.00025,0.516,0.03075,14.9562,75.7897
71,Chickmagalur,Karnataka,47.5875,0.39075,9.46475,7.00425,16.46925,0.04775,5.3605,52.0655,0,4.3865,0.913,21.8145,5.9455,5.28325,0.1735,0.176,0.6805,0.0005,9.607,0.01575,21.88,1.6555,1.64125,4.542,7.39475,11.93575,2.2645,3.07125,0.013,14.9562,75.7897
72,Chitradurga,Karnataka,86.712,1.128,39.39025,27.26875,66.71675,10.611,125.0595,91.5185,0,10.0435,14.44425,34.788,126.64825,7.25225,0.40575,2.3555,1.9815,0.0005,44.7565,0.0195,176.6505,7.88225,28.31125,7.386,20.8665,28.25275,0.015,16.9655,0.11375,14.3049,76.5297
73,Bellary,Karnataka,68.461,2.1635,55.40875,46.459,101.88575,21.9215,51.737,18.9295,0,20.97425,10.739,17.73225,66.18575,4.6675,0.05425,4.884,0.71525,0.0165,60.80725,0.00225,135.51875,6.425,64.69225,4.00925,6.14625,10.156,0.00625,4.13175,0.02025,15.1430,76.9173
74,Dharwad,Karnataka,81.5545,79.67325,77.51675,135.63375,213.14925,1.95825,112.06125,6.6375,0,75.864,13.40325,108.05875,124.9125,5.21425,0.18875,19.23825,0.36425,1.7485,57.50475,13.82475,212.313,8.16875,210.6315,7.8425,55.2585,63.099,3.431,44.849,7.09,15.3707,75.1333
75,Belgaum,Karnataka,63.98,51.2505,63.5615,134.8665,198.44075,39.76975,101.08625,4.295,0,40.22,9.30375,50.03325,79.19225,0.81825,0.3355,9.772,0.282,2.51825,19.09125,43.7615,146.19225,121.808,51.04375,5.024,18.64875,23.671,4.45175,4.16075,16.455,15.8573,74.5069
76,Bijapur / Vijayapura,Karnataka,0.99,72.64225,26.8365,394.6705,421.50925,120.1195,69.62475,0,0,108.21725,65.515,75.916,91.3315,3.12025,0.0275,27.81225,0.10925,11.60525,191.733,2.42225,319.27725,66.9165,52.976,14.107,21.14475,35.24975,0.00075,15.80625,0.9185,16.8052,75.7175
77,Bidar,Karnataka,9.707,9.07575,68.541,30.57225,99.11375,12.8565,0.64775,0.005,0,38.6225,54.5715,91.03075,5.262,12.76,0.04825,9.756,0.04425,1.06,12.46875,25.3475,65.74175,22.5075,3.1475,0.96975,1.9045,2.8735,0.05275,0.44,0.14775,18.0207,77.2487
78,Raichur,Karnataka,155.015,14.8765,47.2005,181.05725,228.31175,103.3415,20.555,0.045,0,58.52525,36.21525,50.474,100.8995,16.30675,0.0435,16.6315,2.86375,2.13575,134.97,0.004,267.567,2.91875,98.453,3.97275,7.17575,11.14775,0,2.78775,0.1995,16.0547,76.9004
79,Gulbarga / Kalaburagi,Karnataka,42.5965,23.18525,14.41025,310.839,325.28475,80.98075,2.7335,0.42125,0,114.877,288.0115,122.477,83.25925,22.96775,0.0465,37.618,0.28975,8.704,90.801,1.99825,242.40875,9.84925,57.1155,4.022,5.608,9.6285,0.017,2.54375,0.38825,17.3055,76.8113
80,Dakshina Kannada,Karnataka,131.56075,0.098,0.0825,0.0125,0.095,0,0.0095,0.045,0,0.00025,0,14.011,2.13575,0.63625,0.001,0,0,0,0.00025,0,3.127,1.44725,0,53.35175,6.7455,60.09625,0,0.007,0.69,12.8226,75.2265
81,Uttara Kannada,Karnataka,83.4105,0.0005,0.23025,0.0135,0.24475,0,1.62575,0.2305,0,0.0905,0.1415,4.181,3.65175,0.0075,0.00175,0.0005,0,0.01275,0.0735,0.0235,3.86425,2.21825,3.975,5.771,0.57025,6.3405,0.0005,0.1085,0.66375,14.7254,74.6403
82,Kodagu / Coorg,Karnataka,38.97425,0.29875,0.0375,0,0.0375,0,1.8335,1.1825,0,0.01925,0.001,0.7305,0.126,0.001,0,0,0.01625,0,0.0025,0,0.24,0.00575,0.029,6.8235,0.4955,7.3195,0.0225,0,-0.09925,12.4225,75.7364
83,Chengalpattu MGR / Kanchipuram,Tamil Nadu,230.67375,0,0.2585,0.04875,0.29075,2.1355,0.0235,6.78675,0,0.01775,1.0805,9.51,54.97225,3.95325,0.00525,0,0.028,0,0.1075,0.07675,55.339,9.65825,0.1425,11.46275,1.89225,13.353,0.00025,0.0085,0.028,11.3324,78.6099
84,South Arcot / Cuddalore,Tamil Nadu,259.581,0,8.465,1.1795,9.6595,53.98325,8.8375,7.4585,0,0.081,3.98575,59.273,114.2735,16.753,0.04525,0,0.1835,0,0.41325,0.116,123.8725,67.244,10.593,34.4635,16.6235,51.08725,0.00675,0.27125,0.2805,11.5257,79.3931
85,North Arcot / Vellore,Tamil Nadu,166.85875,0.00575,19.48875,1.07825,20.3525,12.246,1.6725,14.349,0,0.06625,22.0545,25.76825,170.01025,3.3145,0.03325,0,0.5215,0,0.33025,0.072,177.05975,40.05875,5.86825,16.70125,5.378,22.08,0.00725,0.17875,0.5695,11.3324,78.6099
86,Salem,Tamil Nadu,95.38625,0.0325,74.23075,22.862,97.28225,15.36775,15.553,89.901,0,1.38925,25.28825,120.55225,146.37825,9.165,0.41325,0,12.804,0,5.0155,0.7255,185.853,35.91675,29.77125,39.995,65.8465,105.84,0.46925,3.996,46.25525,11.6470,78.2107
87,Coimbatore,Tamil Nadu,96.73675,0.0665,96.8055,10.45725,107.5775,8.1545,18.04675,8.188,0,4.7605,5.01875,39.17425,72.03475,7.3,0.01775,0,0.964,0,1.725,0.17075,132.732,19.36075,15.36325,18.778,10.653,29.431,0.052,2.92925,14.4845,11.0018,76.9628
88,Tiruchirapalli / Trichy,Tamil Nadu,163.87625,0.00025,95.12175,6.5495,101.82975,35.03275,32.2875,6.60825,0,0.38,11.007,26.4765,83.73625,21.495,0.0285,0,1.573,0,4.08275,0.1215,117.76725,34.59125,27.39275,48.9725,21.25175,70.22075,0.228,8.29925,25.891,10.7632,78.7133
89,Thanjavur,Tamil Nadu,527.26475,0,2.35075,0.678,3.066,0.9735,4.275,2.68225,0,0.12775,1.3445,153.31025,36.01275,14.503,0.01225,0,0.34125,0,0.305,0.76125,77.754,22.16525,5.661,13.78675,3.9855,17.772,0.05075,0.54475,10.37975,10.6590,79.2014
90,Madurai,Tamil Nadu,111.25625,0.0525,60.32,23.68125,84.32175,14.622,26.713,1.86675,0,0.362,7.1175,44.4015,44.153,6.3755,0.00175,0,0.41975,0.00025,3.3625,0.0984999999999999,77.6535,16.3035,28.91825,44.32175,20.3855,64.708,2.434,5.20125,4.164,9.9261,78.1141
91,Ramananthapuram,Tamil Nadu,244.5815,0,8.539,3.40225,12.11275,13.82825,7.736,7.589,0,0.0865,2.138,20.04525,23.779,6.845,0,0,0.08975,0,2.25075,0.05825,45.3115,7.7545,32.8105,10.1885,2.58525,12.774,0.0405,1.34925,17.0005,11.3324,78.6099
92,Thirunelveli,Tamil Nadu,107.314,0,7.8025,7.64675,15.58275,26.90675,11.66575,2.38475,0,0.06975,0.40675,61.4725,9.13825,5.543,0.00075,0,0.21925,0,4.00825,0.1545,29.5245,3.5585,36.48225,24.11275,6.66625,30.77825,0.06075,2.53825,20.36175,11.3324,78.6099
93,The Nilgiris,Tamil Nadu,1.7815,0.0695,0.01475,0,0.01475,0.00375,0,0.14175,0,0,0,0.166,0.02175,0.0005,0,0,0.035,0,0,0,0.082,0.006,0.0055,1.075,7.14925,8.222,3.272,0.08625,-0.1,11.4000,76.7000
94,Kanyakumari,Tamil Nadu,30.22275,0,0.005,0,0.005,0,0.003,0,0,0,0.00075,2.2125,0.424,0.00725,0,0,0.00275,0,0,0.00025,17.366,0.00075,0.00075,8.47675,8.20725,16.68475,0,0.001,0.00025,8.0793,77.5499
95,Bombay,Maharashtra,0.191666666666667,0,0.00277777777777778,0,0.00277777777777778,0,0.00277777777777778,0,0,0,0,0,0,0,0,0,0,0,0,0,0.0722222222222222,0,0,0.0166666666666667,0.0166666666666667,0.0333333333333333,0,0,0.902777777777778,19.0550,72.8692
96,Thane,Maharashtra,144.632,0.065,0.04,0,0.04,0,0.08425,17.555,0,3.1725,3.307,10.1555,0.32875,0.842,0.10625,0,0,0,0.09275,0,3.57675,0.01,0,5.3805,2.465,7.8455,0.01,0.2025,82.225,19.3654,73.3685
97,Raigad,Maharashtra,138.1235,0.00025,0.005,0,0.005,0,0.055,14.726,0,1.61025,1.51875,9.10225,0.228,0.873,0.038,0,0,0,0,0,1.41225,0,0,6.363,1.062,7.425,0,0.01975,16.56,18.4928,73.1381
98,Ratnagiri,Maharashtra,155.08475,0,0,0.01,0.01,0,0.14075,29.839,0,0.008,0.53225,10.3125,4.01475,2.041,0.05625,0,0.00125,0.00025,0.0235,0,10.2525,0.166,0,48.047,0.61525,48.66225,0.05,0.069,64.6875,17.2826,73.4570
99,Nasik,Maharashtra,48.565,74.549,15.715,30.4025,46.1175,293.32,52.4785,41.32,0.0025,39.865,7.791,49.2875,40.98075,0.3925,0.2825,0.516,0.9675,0.0425,0.90275,18.58,74.127,23.672,16.42,14.01175,33.278,47.29,0.84775,27.2985,37.095,19.9481,73.8421
100,Dhule,Maharashtra,26.6475,37.8215,74.06,49.775,123.835,140.469,41.1285,8.671,0,30.26,23.74775,88.154,68.05425,9.305,0.225,0.339,0.41275,0.01025,1.1155,13.32075,89.84675,13.84625,124.2025,3.72975,5.08175,9.404,0,4.91725,1.0075,21.1305,74.4901
101,Jalgaon,Maharashtra,3.19325,40.69775,157.38,44.22,201.6,75.1575,37.22675,0.0025,0,38.6,20.1965,108.67125,31.98125,28.0965,0.09325,4.71275,0.16,0.0285,2.762,8.3135,73.76275,11.52725,326.075,31.727,3.0575,34.192,0.00325,2.17675,2.1175,20.8429,75.5261
102,Ahmednagar,Maharashtra,7.8775,80.7375,6.6725,531.245,537.9175,252.5775,24.451,3.6,0.0025,60.24275,14.60675,40.84525,16.60075,2.3265,0.0655,38.8375,0.278,1.58875,12.873,20.0245,87.3015,66.25675,30.98,5.29075,12.2225,17.51325,0.4475,10.75675,39.3625,19.0930,74.7493
103,Pune,Maharashtra,60.8275,55.86,11.8175,426.625,438.4425,128.5225,16.33525,11.63025,0.0375,43.8575,4.0735,34.701,43.89475,3.36125,0.13275,22.7975,0.045,0.32825,2.85475,2.52575,71.80325,57.2585,0.925250000000001,7.64175,29.17875,36.8205,4.845,15.801,97.845,18.5214,73.8545
104,Satara,Maharashtra,42.8025,32.48,68.05,144.045,212.095,85.4125,11.17775,9.8925,0,21.3125,6.10825,43.9335,59.4395,0.1655,0.1725,3.6425,0.04625,0.1,2.594,18.3975,78.9375,41.19175,2.97475,3.3045,10.5285,13.83325,3.51925,4.98425,33.76,17.6361,74.2983
105,Sangli,Maharashtra,17.1475,27.125,105.06,140.265,245.325,76.645,20.86225,0.66575,0,24.555,11.379,44.751,38.38375,0.316,0.28775,7.2225,0.07075,0.04025,4.81125,37.4875,83.695,42.581,2.13925,5.5985,2.05225,7.6505,0.126,0.654,25.8025,17.1727,74.5868
106,Solapur,Maharashtra,2.33,49.605,3.7125,677.9725,681.685,29.1175,26.95525,0.0175,0.0125,36.17375,28.61675,36.85475,19.15775,1.48775,0.03,30.03,0.11575,1.57525,36.011,3.13475,89.2495,68.566,3.9125,7.09625,6.9795,14.076,0.024,5.26725,6.4725,17.8499,75.2763
107,Kolhapur,Maharashtra,105.1665,10.805,22.8575,9.905,32.7625,0.3175,7.2885,28.215,0,9.99,3.553,12.64725,60.2825,0.4135,0.015,0.0075,0.0725,0.0875,0.52525,37.155,93.5875,88.09075,0.24025,3.6035,2.25525,5.8585,0.24825,0.1965,56.8475,16.7028,74.2405
108,Aurangabad,Maharashtra,3.39275,69.1,68.538,326.065,394.603,192.8525,99.10725,0.005,0,58.7575,80.44425,130.38375,16.748,8.57025,0.595,67.261,0.64875,12.58525,16.5885,29.17,144.60275,29.13725,360.14975,9.066,3.47725,12.5435,0.384,1.64525,2.8425,19.8773,75.3390
109,Parbhani,Maharashtra,17.158,62.22725,162.84575,185.95775,348.8035,8.29225,3.02975,0,0,66.875,78.54575,118.574,15.81675,6.73,0.453,61.11,0.83025,9.86625,20.46375,103.6525,200.11,18.0575,284.88825,6.0945,2.214,8.3085,0.04925,0.57475,0.4775,19.2902,76.6026
110,Beed,Maharashtra,4.1815,40.185,79.045,258.645,337.69,152.8875,7.75975,0.0025,0,37.4,50.11725,43.08375,17.2115,6.40425,0.4655,28.3165,0.835,12.485,28.8075,32.235,116.1325,24.2285,126.49775,2.343,10.26675,12.61,0.21575,1.4715,10.3125,18.9918,75.9098
111,Nanded,Maharashtra,22.70275,30.9475,192.8375,32.50025,225.3375,0.6875,1.54475,0.015,0.0075,34.18225,52.35325,73.97225,11.0835,7.54875,0.34275,7.105,0.73275,2.5205,14.4425,73.805,106.071,12.73,255.0935,5.68675,1.03275,6.71925,0.00625,0.324,0.7475,19.0943,77.4833
112,Osmanabad,Maharashtra,30.935,55.98,245.4535,241.38425,486.83775,22.8425,15.1935,0.0425,0.0325,101.62075,146.662,128.14375,33.46125,15.124,0.805,54.405,0.934,15.748,106.50125,121.88,335.4195,43.6775,24.5565,3.06275,5.082,8.14475,0.15775,1.69575,6.7925,18.2822,76.0588
113,Buldhana,Maharashtra,1.46025,37.78,141.079,9.0345,150.1135,7.76425,23.94,0,0,38.0175,57.24125,111.42925,10.17975,8.2915,0.19,26.4525,0.1855,0.3555,7.8435,104.7375,140.4425,1.175,232.08475,2.017,2.63975,4.657,0.022,1.80325,0.065,20.5628,76.4087
114,Akola,Maharashtra,3.6525,35.72,180.45925,0.64475,181.10425,3.7925,0.857,0,0,66.985,84.362,137.9235,8.58625,6.40125,0.145,15.125,0.1325,1.2175,7.00625,153.9225,166.57675,1.0355,304.7055,4.734,2.038,6.772,0.0045,0.933,0.22,20.7618,77.1921
115,Amarawati,Maharashtra,9.755,33.7725,125.2535,0.1375,125.391,2.3625,1.274,0,0.0025,50.585,85.79775,54.28,15.89425,4.4545,0.1825,3.3925,0.5475,1.8925,3.10025,144.1,155.8705,1.09875,296.256,26.61375,3.03975,29.6535,0.025,1.4375,0.1225,19.5670,76.4165
116,Yeotmal,Maharashtra,5.6325,23.5625,157.92375,0.50075,158.42425,6.7835,0.5365,0,0,27.955,100.6895,52.73475,14.022,7.005,0.1075,0.6425,0.16,1.7925,1.9375,105.98,118.1985,5.5305,405.5,4.055,1.69075,5.7455,0.001,0.44775,0.12,19.5670,76.4165
117,Wardha,Maharashtra,3.2025,23.618,58.6775,1.1825,59.86,0.315,0.5015,0,0,19.17,52.4455,5.83875,8.19725,5.14825,0.0775,0.0625,0.0425,4.41025,0.39775,97.2275,109.27525,1.68975,157.174,4.66425,1.73325,6.3975,0.005,0.2285,0.15,20.8256,78.6131
118,Nagpur,Maharashtra,49.927,64.71,71.9875,23.99,95.9775,0.1475,0.31675,0,0,40.3025,52.728,12.33625,12.21975,7.62625,0.2525,0.0275,0.1065,15.69275,1.52175,152.525,181.537,0.813,76.56675,14.75975,8.295,23.055,0.0605,0.47525,0.1125,21.1498,79.0821
119,Bhandara,Maharashtra,328.93225,20.57225,0.6825,8.9875,9.67,0,0.383,0,0,11.445,11.131,37.331,0.62775,2.006,0.33,0.0675,0.095,19.005,0.045,6.9175,30.0225,1.8095,0.001,0.814,4.02475,4.83875,0.1425,0.486,0.0775,21.1226,79.7945
120,Chandrapur,Maharashtra,284.462,30.0415,22.8055,82.8,105.6055,0.01625,2.49925,0.075,0,22.2575,27.3975,57.6995,0.26175,20.17275,0.68025,0.08,0.1465,26.05,0.32075,79.4675,122.228,0.052,69.72225,0.60825,2.68875,3.297,0.0185,0.33425,0.3525,20.0968,79.5045
121,Ahmedabad,Gujarat,82.723,116.4575,28.55675,0.86225,29.37,50.4125,0.6835,0.04825,0.25075,14.917,3.81825,11.57625,3.00425,6.41575,8.44075,0.1515,32.084,0,0.005,0.0535,46.7225,0.5075,172.068,3.8765,9.78975,13.48325,2.019,0.097,70.1915,23.0215,72.5801
122,Amreli,Gujarat,0.16,21.12325,21.105,0.57925,21.83925,45.84575,1.64525,0,0.0075,2.85225,0.60725,5.18275,246.988,25.65325,1.1805,0,1.43725,0,0.0075,0.019,281.06725,3.3955,132.52725,2.583,2.45475,4.839,0.004,1.50625,18.053,21.4176,71.2496
123,Banaskantha,Gujarat,0.1295,55.235,40.47925,1.0675,45.32425,277.93525,10.058,0.0795,1.3875,1.1865,4.11625,52.63125,19.7635,13.2,123.2335,0.0025,83.27725,0,0,0,223.6915,0.3375,21.753,0.90475,14.94325,15.74375,17.9135,0.317,120.32375,24.2694,72.5368
124,Bharuch,Gujarat,21.9475,20.54475,17.42125,30.28,50.67875,5.25675,7.2845,0.293,0.015,2.67125,96.783,20.11925,6.29525,2.7455,0.22875,0.0325,3.3105,0,0.0075,1.95925,13.5245,19.329,123.90275,9.90625,4.14675,13.31775,0.0025,0.09025,22.8685,21.7080,72.9957
125,Vadodara / Baroda,Gujarat,52.14125,20.203,7.31975,21.001,31.5155,15.61,46.647,0.1325,0.1175,2.12925,77.83175,19.8525,12.524,1.679,0.65675,0.005,12.709,0,0,2.918,26.67425,4.1785,172.36125,8.19625,10.623,18.20575,0.79425,0.32925,26.93575,22.3036,73.2037
126,Bhavnagar,Gujarat,0.455,22.4795,34.6785,0.54775,43.21125,95.92575,1.153,0,0.015,1.6875,0.5985,6.45925,165.6655,28.407,0.26925,0,0.46025,0,0.015,0.085,206.12525,0.7495,180.288,8.6185,15.281,23.15575,0.0125,17.8825,33.15675,21.7719,72.1416
127,Valsad,Gujarat,111.268,1.87075,3.9285,0.35175,4.325,0.002,0.02725,10.278,0.03,1.86975,8.1385,18.43575,1.4465,0.0655,0.036,0,0.10225,0,0,0.005,2.638,28.48825,0.7875,30.38575,6.1485,34.947,0,0.28775,68.60175,20.4322,73.1410
128,Dangs,Gujarat,11.58275,0.673,2.52725,0.01,2.55475,0,0.977,13.108,0,2.88175,3.1315,6.33,2.44125,0.005,0,0,0,0,0,0.44125,4.71425,0.03175,0,1.01375,0.96375,1.8795,0.0025,0.1105,2.858,20.7500,73.7500
129,Jamnagar,Gujarat,0.0675,23.5115,18.5195,0.40875,18.38575,41.355,1.02975,0,0,11.6445,1.658,7.3455,369.5925,19.75225,4.32675,0,9.88625,0,0.0075,0.08575,385.144,0.99375,79.515,0.861,5.10675,5.905,0.60425,1.6495,36.1295,22.4732,70.0552
130,Junagadh,Gujarat,0.7,77.451,4.97525,8.96225,15.4425,30.588,1.23525,0,0.0225,14.144,1.29725,9.192,424.15275,8.80775,0.61975,0,5.16775,0,0,0.34975,431.528,8.26075,48.25375,11.65,8.6015,19.417,0,3.487,33.6625,21.5220,70.4582
131,Kheda,Gujarat,153.3645,84.965,2.51875,0.82125,4.23,130.27475,17.4035,0.81425,0.0325,3.86175,10.524,7.53675,9.87125,6.50375,5.76025,0.0275,11.174,0,0,0.14225,31.34575,0.472,26.467,13.93525,19.42775,32.43,7.21075,0.44125,22.14075,22.8533,72.9954
132,Kutch,Gujarat,0,17.50675,23.192,0.095,23.287,76.852,0.2745,0,0,0.37875,0.023,99.27675,70.06225,23.3775,9.0695,0,49.57225,0,0.165,0.03125,145.262,0.2255,60.9455,8.54425,2.75525,10.51325,0.16175,0.54175,118.837,23.5833,70.0000
133,Mehsana,Gujarat,11.4875,90.4095,39.8975,0.16075,44.375,146.674,0.692,0.03325,1.07425,6.721,3.71325,44.31,6.44625,8.46575,88.325,0.0185,93.3195,0,0,0.0335,194.30375,0.075,101.90775,8.072,12.18625,19.73225,4.999,0.51525,88.7735,23.6013,72.3742
134,Panchmahal,Gujarat,111.81425,45.9175,2.2235,2.7465,5.4225,18.8745,207.7835,3.25,0.23,36.16425,32.505,22.2855,14.441,2.18625,0.8125,0,2.768,0,0.0075,7.91375,22.812,0.10025,17.75375,1.9175,3.0985,4.75775,0.137,0.76,9.228,22.6978,73.5981
135,Rajkot,Gujarat,0.2025,50.97825,12.20675,0.22375,12.418,46.7595,0.607,0,0,5.157,0.878,8.84575,387.98625,21.63,2.89,0,10.1665,0,0.005,0.11575,409.301,2.8255,194.8725,0.602,6.5135,7.074,0.0025,3.40875,32.7615,22.3053,70.8028
136,Sabarkantha,Gujarat,15.72575,77.397,5.9475,0.208,7.1355,33.5915,97.9715,0.16275,0.275,3.13875,26.0775,33.9085,54.10475,5.022,8.205,0,40.238,0,0.0075,1.85325,95.7035,0.31,79.5315,4.54525,6.26525,10.4795,5.922,0.2665,23.8555,23.8689,73.0138
137,Surat,Gujarat,82.117,9.86,45.31125,8.589,60.21925,0.63075,2.00175,1.1005,0,2.9665,32.0635,15.2235,21.5495,0.5205,0.05125,0,0.54725,0,0.035,2.5785,20.52925,100.20025,16.114,10.65775,9.39425,19.365,0.0055,0.50875,44.12175,21.2095,72.8317
138,Surendranagar,Gujarat,0.59525,26.439,34.77,0.60825,37.39075,67.56575,0.04775,0,0.0375,9.065,0.0805,11.32175,27.6905,43.70475,1.1345,0.005,17.15325,0,0.01,0.07,83.90625,0.4315,371.886,1.04125,3.46675,4.40125,0.0085,0.517,44.47925,22.8251,71.6210
139,Ajmer,Rajasthan,0.0557499999999999,46.51675,121.51225,0,124.7975,67.938,39.5625,0,17.7155,44.02025,0.0225,64.8815,6.062,12.87925,20.7345,0,0.08775,1.029,0.00575,0.0115,47.86325,0.075,12.231,0.797,5.199,5.99625,0.01925,1.53,17.43225,26.4691,74.6390
140,Alwar,Rajasthan,0.27375,160.551,23.51775,0,23.51775,201.35525,9.932,0,17.921,66.72875,3.10275,1.9715,0.78775,5.65125,193.754,0,0.005,0.02325,0.008,0.00425,192.024,0.1685,9.551,0.68375,10.1015,10.784,0.14225,5.13225,47.61175,27.4140,76.6170
141,Banswara,Rajasthan,37.89525,67.1465,3.33925,0,3.33925,0.0545,119.59075,0,1.99125,26.60275,6.876,28.73475,0.52425,0.6615,0.89275,0,0.0859999999999999,0.212,0.0005,22.22275,19.498,0.77025,13.004,0.087,0.45725,0.545,0.00525,0.1355,1.59675,23.4915,74.3502
142,Barmer,Rajasthan,0,14.2265,2.36525,0.00075,2.36575,900.12125,0.0165,0,0.15425,0.865,0,198.90925,0.4705,7.4035,12.237,0,10.88775,0.00625,0,0,31.71725,0,0.052,0.12075,0.39225,0.51275,0.00175,0.1335,306.148,25.5815,71.1925
143,Bharatpur,Rajasthan,3.232,164.18,36.204,0,36.204,163.534,0.10825,0,8.476,43.04375,2.21,8.4845,2.6705,5.5945,233.1555,0,0.05725,0.4505,0.00875,0.009,232.885,0.86775,1.106,1.26025,6.826,8.08625,3.39775,0.20325,33.44475,27.0247,77.2920
144,Bhilwara,Rajasthan,0.20425,84.85725,35.91925,0,35.91925,1.95675,156.2005,0,20.24275,28.03275,0.05775,43.92225,15.219,21.54425,22.90225,0,0.02675,1.043,0.00075,2.221,69.029,0.6195,22.729,0.51875,1.5275,2.04725,0.01325,0.14775,31.5405,25.4710,74.6961
145,Bikaner,Rajasthan,0.03475,46.51725,1.12275,0.00025,1.123,207.36525,0.00225,0,1.532,90.6585,0.00425,266.7585,47.863,13.761,31.915,0,0.0725,0.02025,0.003,0.00175,86.14,0.053,9.7295,0.08725,0.587,0.675,0.0075,0.1995,483.10425,28.0159,73.3171
146,Bundi,Rajasthan,23.20825,108.43075,17.1365,0,17.1365,1.68875,34.09875,0,2.77725,20.00625,0.24475,23.33575,0.99125,8.60975,49.03875,0,0.0025,1.18775,0.00075,37.20275,98.0775,5.894,0.02975,0.396,1.7805,2.1755,0.1405,0.06975,14.902,25.4368,75.7361
147,Chittorgarh,Rajasthan,1.41025,99.7935,24.0845,0,24.0845,0.05475,141.377,0,5.814,31.56575,0.632,34.608,34.19175,8.38525,40.405,0,0.0065,2.1795,0.01925,76.90275,157.23275,2.08075,6.287,0.161,1.65125,1.81125,0.02775,0.683,17.95825,24.7172,74.4718
148,Churu,Rajasthan,0.025,12.88675,0.02075,0,0.02075,403.66975,0,0,3.44775,181.86425,0,334.171,13.19325,2.49975,18.80975,0,0.0155,0.00525,0.00025,0,33.9715,0,0.204,0.05575,0.3225,0.378,0.001,0.114,314.27575,28.2048,74.6913
149,Dungarpur,Rajasthan,25.77825,31.261,1.391,0,1.39125,0.218,61.7745,0,1.8565,14.1025,1.761,17.25175,0.07925,0.91575,0.4865,0,0.11,0.217,0,3.0495,4.628,0.4815,0.56225,0.01925,0.205,0.225,0.003,0.058,3.2185,23.8539,73.7087
150,Ganganagar,Rajasthan,26,378.1,0.98925,0,0.98925,71.58925,0.3025,0,29.3235,350.36825,0.417,61.172,8.978,3.26875,267.26125,0,2.3125,0.0875,0.112,0.00625,293.42075,2.99925,319.6565,5.0785,3.12525,8.20325,0.346,0.13575,419.56975,25.9061,76.4815
151,Jaipur,Rajasthan,0.01175,219.55875,36.064,0,36.064,344.0095,12.07025,0,60.93625,81.97975,1.00025,79.92225,50.771,12.54525,147.87425,0,0.04075,0.09275,0.00075,0.002,215.68475,0.19675,0.28125,2.40925,14.97525,17.3835,0.04975,2.26575,80.69725,26.9155,75.8190
152,Jaisalmer,Rajasthan,0.025,6.89725,2.90075,0,2.90075,124.1445,0.00225,0,0.0385,33.00225,0.002,5.77175,4.8895,0.96525,27.84325,0,1.15825,0.01025,0,0,33.74025,0.00025,0.13875,0.04675,0.07875,0.1255,0.0015,0.0225,221.63975,27.0264,70.7775
153,Jalore,Rajasthan,0.005,38.7365,3.53675,0.00775,3.54375,321.18625,0.249,0,1.0345,6.34425,0.10525,73.9485,2.6975,24.62075,81.131,0,27.81175,0.005,0.001,0,137.536,0,1.34625,0.34425,1.54525,1.89,0.04125,0.30575,85.41525,25.2093,72.3179
154,Jhalawar,Rajasthan,1.202,57.20775,47.22175,0,47.22175,1.01225,50.341,0,0.50575,32.8445,2.06775,29.30625,5.56625,2.857,24.087,0,0.001,3.4645,1.654,130.75425,157.111,0.3755,3.08275,4.4685,1.51825,5.985,0.0845,0.525,3.01025,24.3132,76.5221
155,Jhunjhunu,Rajasthan,0.0115,52.56475,0.0964999999999999,0,0.0964999999999999,250.284,0,0,9.4305,60.98075,0.00625,66.339,1.3445,0.11725,62.522,0,0.0415,0.00775,0.00025,0,62.917,0,0.623,0.1345,2.48325,2.617,0.0035,1.74475,71.37275,28.0799,75.5424
156,Jodhpur,Rajasthan,0.00025,39.52375,29.50675,0,29.50675,562.33425,0.0165,0,0.40075,3.211,0.0015,225.005,23.1845,44.22475,60.638,0,9.25225,0.0245,0.00825,0,125.01025,0,10.9005,0.4165,9.19925,9.61625,0.00325,6.98975,179.0325,26.2968,73.0351
157,Kota,Rajasthan,12.624,178.54275,57.69375,0,57.69375,2.43575,29.4895,0,2.62925,48.10875,0.38625,30.87175,3.99825,13.294,132.72925,0,0.0055,11.0095,0.02225,189.99725,330.7895,0.34175,0.0055,0.40725,3.2255,3.635,0.477,0.139,8.60225,25.1737,75.8574
158,Nagaur,Rajasthan,0,56.88625,51.15225,0,51.15225,473.837,0.35325,0,9.831,22.2645,0.00125,347.4005,12.83725,53.913,71.922,0,0.11625,0.39675,0.002,0,166.1995,0.02,15.15575,0.39375,5.508,5.90275,0.01175,4.20725,158.74425,26.9873,73.7389
159,Pali,Rajasthan,0.009,64.4275,90.519,0.00075,90.51975,98.944,25.6605,0,7.04375,25.019,0.1545,67.222,2.563,97.1355,64.61675,0,2.6115,0.0355,0.00075,0.00225,166.69375,0.00125,13.0675,0.57175,1.17275,1.74425,0.01475,0.22225,60.119,25.4552,73.4194
160,Swami Madhopur,Rajasthan,3.067,121.64825,25.63525,0,25.63525,163.5805,1.9385,0,6.77075,51.3045,1.25225,10.06175,21.469,19.99025,174.9685,0,0.003,3.45325,0.0005,1.77,216.32475,0.49325,0.03025,0.363,1.8665,2.24525,0.04975,0.15725,16.07725,26.8106,73.7685
161,Sikar,Rajasthan,0.0075,68.24225,0.0545,0.00025,0.0545,269.81825,0.06025,0,21.30225,46.95125,0.05,80.28025,12.66425,0.68425,40.86,0,0.0035,0.07375,0.00025,0,52.36925,0.05025,0.23025,0.30025,5.57875,5.8775,0.00725,4.28775,96.22175,27.6624,75.0280
162,Sirohi,Rajasthan,0.03,26.9025,4.53125,0.08125,4.612,19.92325,25.5835,0,1.74,4.70275,0.63175,15.38775,3.6845,13.472,20.75675,0,18.939,0.011,0,0.00025,53.124,0.003,3.24475,0.224,1.7085,1.93175,0.1185,0.08425,19.72875,24.8114,72.8300
163,Tonk,Rajasthan,0.00825,80.6345,93.0015,0,93.0015,41.58625,16.79125,0,12.151,48.704,0.046,42.149,18.8725,12.96975,135.697,0,0.02075,4.051,0,0.11225,173.96525,0.3925,0.49025,1.29625,2.563,3.858,0.026,0.128,14.88325,26.1223,75.6632
164,Udaipur,Rajasthan,9.90375,85.991,17.40175,0,17.40175,0.50675,230.50025,0,19.84775,21.47675,2.825,21.457,7.401,6.06825,13.6745,0,0.02775,0.335,0.00525,12.04225,41.6375,2.8745,4.12425,0.28175,1.65725,1.93925,0.0325,0.158,20.606,24.5787,73.6863
165,Gurdaspur,Punjab,179.43475,210.324,0.0025,0,0.0025,0.0775,14.568,0,0.415,0.69,0.01025,4.652,0,3.695,3.035,0,0,0.223,0.2475,0,6.8845,20.0725,0.33,4.55175,2.479,7.029,0.366,0.013,32.567,31.9037,75.2276
166,Amritsar,Punjab,295.125,349.45,0.05,0,0.05,0.545,8.375,0.015,0.1275,0.9375,1.0225,3.23675,0.005,4.335,12.3025,0,0,0.02775,1.4125,0,17.42225,6.905,4.1225,3.65275,7.909,11.56125,1.99075,0.0625,61.102,31.6357,74.8787
167,Kapurthala,Punjab,98.6,108.775,0,0,0,0.05,4.7,0,0.0275,0.055,0.04575,0.2285,1.9025,0.295,0.815,0,0,0.00775,1.4625,0,4.37275,3.945,0.1525,1.333,8.44325,9.7765,4.6215,0.01425,16.16,31.3856,75.3053
168,Jalandhar,Punjab,155.7285,214.85025,0,0,0,0.04725,31.61375,0.0025,0.0355,0.2105,0.74275,0.9825,1.6725,0.674,3.377,0,0,0.16425,4.1555,0.00025,9.622,18,1.1625,2.5595,18.72325,21.2815,12.89975,0.10075,42.522,31.2922,75.5679
169,Hoshiarpur,Punjab,69.2715,167.54975,0.015,0,0.015,0.30525,72.58625,0.0075,0.002,2.697,0.37075,3.1845,2.56,0.741,3.253,0,0.00125,0.10175,3.71175,0,9.43225,17.485,0.575,6.086,10.77775,16.8645,8.10775,0.0315,36.31575,31.6093,75.8460
170,Roopnagar / Ropar,Punjab,40.3725,83.1525,0.1,0,0.1,0.2075,28.9875,0.0075,0.7625,2.30375,1.11125,1.66975,0.8675,0.555,2.25,0,0.001,0.015,0.4,0,3.70275,8.1425,0.4125,2.421,2.55975,4.98275,1.08575,0.0515,17.75,30.9688,76.5261
171,Ludhiana,Punjab,223.73,268.28375,0.016,0,0.016,0.10125,14.365,0.0825,2.68225,0.277,4.1035,4.7575,5.365,0.1075,2.057,0,0,0.0075,1.05575,0,8.5895,5.40475,5.435,2.1495,9.808,11.957,4.117,0.1195,44.92425,30.9090,75.8516
172,Ferozpur,Punjab,417.8025,705.0075,0.21525,0,0.22075,3.6235,2.7505,0.0175,9.34525,13.14825,1.1255,13.06275,0.50525,1.9195,19.33525,0,0.007,0,1.787,0.001,23.59075,6.1395,230.06675,19.462,9.824,29.2855,2.32525,0.098,91.24975,30.4003,74.0328
174,Bhatinda,Punjab,183.23,480.0725,0.05725,0,0.05925,5.8965,1.8395,0.005,10.39225,26.40675,0.3265,4.21825,0.69725,0.2605,18.25475,0,0.00675,0,0.7205,0.00025,19.33725,1.7055,277.75075,5.32075,7.49925,12.819,2.8455,0.12075,60.3075,30.2068,74.9464
175,Sangrur,Punjab,303.411,389.593,0.0955,0,0.0955,4.9635,7.92299999999999,0.0075,6.4615,4.3535,1.932,4.4095,5.1,0.0025,4.02675,0,0,0,0.10225,0,9.17725,5.21925,44.6,1.835,4.112,5.9465,0.87625,0.07325,51.8875,30.1357,75.8533
176,Patiala,Punjab,283.284,321.74825,0.054,0,0.054,0.63525,9.84949999999999,0.0625,2.68325,1.90925,1.80325,2.53625,3.1125,0.03,3.64675,0,0,0.035,1.977,0,8.469,7.14075,3.9825,2.9615,9.89425,12.8535,3.8035,0.43675,44.0175,30.2093,76.3397
177,Hissar,Haryana,126.61,602.23175,3.70225,0,3.78575,212.26125,0.712,0,18.2675,207.17075,1.866,9.635,1.289,0.85225,189.64425,0,0.45,0.005,0.001,0,197.50125,6.09975,418.46925,6.2295,6.754,12.97975,0.59775,0.15425,193.76225,29.8223,76.4209
180,Gurgaon,Haryana,28.1085,231.59,31.004,0,31.959,75.00875,1.3075,0,12.58725,9.14624999999999,4.2,3.765,0.34325,1.5235,48.68525,0,0,0,0,0,50.81325,7.03225,1.93175,0.75975,6.4395,7.29625,0.56975,0.368,41.622,28.4646,77.0299
181,Jind,Haryana,98.4795,207.11875,4.007,0,4.007,47.905,0.436,0,2.2525,18.025,1.762,1.66275,0.0025,0.36575,11.3765,0,0,0.0025,0.00725,0,12.03625,8.85325,46.236,1.05775,1.65125,2.70775,0.235,0.06475,29.90175,29.3152,76.3141
182,Mahendragarh / Narnaul,Haryana,2.963,110.24325,3.43625,0,3.495,198.8455,0.034,0,8.9025,63.161,0.5505,1.4475,0.156,0.265,142.569,0,0.00475,0,0.00025,0,143.35925,0.54575,18.71925,0.17875,1.508,1.68925,0.02425,0.07525,48.95775,28.1397,76.1836
183,Ambala,Haryana,118.66775,158.0195,0.1475,0,0.1475,2.55725,19.779,0,0.816,5.35125,2.13275,6.8195,1.6105,0.20275,5.8265,0,0,0.0375,0.80075,0,10.94325,42.63425,0.903,0.686,8.336,9.02225,3.4285,1.00425,29.53175,30.3844,76.7704
184,Karnal,Haryana,435.03075,497.37675,1.921,0,1.966,10.4575,6.68025,0,1.4175,4.19875,2.08775,3.93025,0.075,0.18875,6.09175,0,0,0.02,1.09725,0,12.6535,30.24825,5.9995,2.28575,12.7445,15.027,5.9155,0.66,60.26925,29.7256,76.9107
186,Rohtak,Haryana,87.8275,308.7335,58.8405,0,60.19575,70.347,1.4,0,6.92825,23.0445,11.45225,2.4685,0.0765,0.223,56.00725,0,0,0,0.00225,0,57.08275,27.91575,14.431,2.03075,6.81275,8.843,0.55375,0.2785,36.32375,28.9011,76.5802
189,Saharanpur,Uttar Pradesh,85.131,172.296,0.231,0,0.231,0.50325,16.0115,0.0225,0.372,1.147,0.1145,11.40125,7.984,0.84325,2.439,0,0.0005,0.01525,0.04225,0.00325,10.273,171.90825,1.509,21.6345,7.50475,29.13975,1.192,0.27675,71.6085,29.9857,77.5041
190,Muzaffarnagar,Uttar Pradesh,36.47325,140.73975,0.03725,0,0.03725,0.1345,5.08825,0.0225,0.5255,0.8985,0.25975,6.93925,0.26275,0.03775,3.1755,0,0.00025,0.002,0.07275,0.00075,2.95925,210.3085,1.412,6.39475,5.95275,12.34725,2.3195,0.32025,63.401,29.4497,77.7429
191,Meerut,Uttar Pradesh,39.59475,237.4125,0.83075,0,0.833,8.88325,28.3725,0.00025,3.346,1.935,3.809,8.40225,0,0.01025,7.19325,0,0.0015,0.004,0.16175,0.0005,6.27375,224.941,1.22925,10.81275,20.5965,31.40875,10.8275,0.3785,112.99275,29.0019,77.7680
192,Buland Shahar,Uttar Pradesh,42.96525,221.2725,1.93725,0,1.9425,17.31025,94.6635,0,15.92675,3.3175,10.321,11.00175,0.0085,0.153,11.5285,0,0.0005,0.002,0.174,0.00025,11.0065,62.689,1.28825,12.54025,13.39225,25.932,8.2275,0.5295,66.05575,27.1303,80.8597
194,Aligarh,Uttar Pradesh,42.876,263.42925,0.70825,0,0.7085,111.97625,42.8585,0,30.4025,6.17925,18.797,28.20925,0.0829999999999999,0.20025,37.7505,0,0.001,0.00175,0.25575,0,35.27275,11.36225,4.4375,9.09325,26.51925,35.6105,26.71,0.171,33.29775,27.8761,78.1358
195,Mathura,Uttar Pradesh,25.3155,182.17425,1.38975,0,1.3925,50.5625,1.752,0.0025,17.0845,3.61575,3.98325,7.36175,0.00625,0.811,47.26475,0,0.00025,0.0005,0.2095,0.0005,44.49425,9.871,2.344,0.785,8.45825,9.24375,7.36325,0.048,32.65925,27.4956,77.6856
196,Agra,Uttar Pradesh,6.8265,153.331,1.009,0,1.02275,120.94275,2.718,0,16.43375,13.66575,6.52425,5.75725,0.1055,2.2215,80.71725,0,0.0035,0.05275,0.15525,0,78.757,0.958,0.576,3.01325,33.5935,36.60675,33.84425,0.1935,21.762,27.1753,78.0098
197,Mainpuri,Uttar Pradesh,68.76375,191.782,1.86475,0,1.9085,54.28275,44.5575,0.00025,13.446,7.3905,3.24825,11.4115,1.08925,1.1935,19.758,0,0.003,0.03825,0.4505,0,20.593,1.05075,0.00975000000000001,2.69725,27.65025,30.3455,27.486,0.804,11.31575,27.2093,79.0625
198,Etah,Uttar Pradesh,33.52975,197.94725,1.36125,0,1.36225,77.241,56.532,0,15.7365,7.8865,5.9215,26.81725,1.47725,0.847,18.04525,0,0.00375,0.01675,0.47425,0,17.97875,8.3095,0.244,9.39125,17.54225,26.93275,9.069,0.54475,10.8155,27.5550,78.5992
199,Bareilly,Uttar Pradesh,145.13425,182.192,7.19925,0,7.20875,10.736,2.99525,0.00025,0.71375,4.12425,2.565,17.369,5.28175,2.52325,10.90225,0,0.0195,0.46775,0.15725,0.4235,17.3205,68.95575,0.0005,6.1225,10.70025,16.823,4.297,0.6145,12.7905,28.4582,79.4047
200,Budaun,Uttar Pradesh,67.85975,262.63725,5.09625,0,5.1185,117.7085,23.48275,0,3.32875,8.64175,3.13325,27.994,11.41525,2.0545,19.6905,0,0.0005,0.004,0.77475,0.22225,29.95425,25.03225,0.056,5.4955,21.44325,26.93875,15.578,2.13875,6.47925,28.0367,79.1234
201,Moradabad,Uttar Pradesh,131.46625,282.455,5.171,0,5.17925,45.33675,14.3275,0.0025,1.38475,1.94775,1.6615,13.07225,3.2065,0.8195,9.659,0,0.00175,0.08175,0.06425,0.0005,12.192,134.8505,0.04625,11.2475,16.9785,28.2245,10.7575,0.54425,53.56025,28.8797,78.8095
202,Shahjahanpur,Uttar Pradesh,167.46025,228.26125,4.8705,0,4.9425,7.74075,3.8485,0,1.983,7.962,2.928,24.96925,5.663,7.381,11.28325,0,0.016,0.252,0.058,0.27075,21.8645,41.91075,0.02125,3.66625,10.65475,14.32075,6.5225,0.33025,11.23775,27.9129,79.7476
203,Pilibhit,Uttar Pradesh,139.65475,139.07,0.56525,0,0.5655,0.1085,1.03375,0,0.31275,1.426,0.85925,7.6545,0.48675,1.37425,8.56625,0,0.005,0.17175,0.04,0.07575,8.89675,49.09875,0.00825,1.827,3.04825,4.87475,0.81075,0.04275,8.362,28.4947,80.1076
204,Rampur,Uttar Pradesh,118.1105,125.3145,5.1365,0,5.168,3.354,4.0135,0,0.1585,1.47425,0.941,5.91575,0.328,0.1145,5.10275,0,0.001,0.03425,0.605,0.21925,5.60425,25.1985,0.00525,3.67675,5.59025,9.26625,2.426,0.2365,10.478,28.7935,79.1846
205,Bijnor,Uttar Pradesh,62.24825,118.665,0.05825,0,0.05875,0.3885,1.0065,0,0.564,1.69175,0.7265,6.31975,4.12225,0.959,2.885,0,0.0005,0.006,0.05275,0.0105,7.71325,185.72525,0.1085,5.52925,3.46775,8.996,1.088,0.12225,31.12975,29.4074,78.4821
206,Farrukhabad,Uttar Pradesh,31.7095,142.76875,6.50275,0,6.60275,10.81825,83.70775,0,4.97825,9.228,4.78725,10.12075,2.923,2.55325,16.5355,0,0.001,0.001,3.72525,0.0005,23.28725,8.47775,0.00075,6.489,58.6235,65.111,58.982,1.47775,6.64675,27.4362,79.4895
207,Etawah,Uttar Pradesh,84.4405,160.97225,3.0845,0,3.1525,61.438,20.08775,0,10.415,17.18625,9.26675,15.616,0.206,0.7165,29.40775,0,0.001,0.00925,0.249,0.00075,27.92175,3.12325,0.01,1.2035,13.928,15.13175,12.797,0.31225,5.5535,26.7156,79.0917
208,Kanpur,Uttar Pradesh,81.74425,199.87625,28.896,0,30.209,16.909,33.422,0,17.58,51.68425,18.17475,25.85075,0.507,3.28525,40.155,0,0.0115,0.199,1.37075,0.08725,41.18425,6.944,0.166,2.47375,17.50225,19.9765,12.01275,0.75725,11.46975,26.4609,80.3218
209,Fatehpur,Uttar Pradesh,82.45475,141.5025,22.69225,0,23.193,8.50325,0.3535,0.06275,12.3475,50.27575,17.96875,12.3125,0.23675,5.613,12.10425,0,0.028,0.27625,0.034,0.0055,15.631,8.05925,0.01,1.16175,9.117,10.27975,5.4045,1.04925,7.56,25.8348,80.9155
210,Allahabad,Uttar Pradesh,186.64275,251.21375,19.372,0,19.96525,46.23375,0.535,0.0725,16.8255,47.25425,23.5295,20.52775,0.227,1.8205,2.26625,0,0.315,4.819,0.0165,0.00725,8.31625,3.90275,0,3.7165,20.05075,23.7665,15.4045,0.628,5.72325,25.4381,81.8338
211,Jhansi,Uttar Pradesh,11.66775,225.58075,40.32175,0,40.841,0.2825,26.41575,0,8.99075,107.6345,8.1925,207.80675,24.41125,34.41875,7.8205,0,0.70825,8.89875,0.15375,12.23175,69.96675,0.45225,0.00175,0.23125,4.961,5.191,0.78475,0.172,0.677,25.5299,78.6528
213,Jalaun,Uttar Pradesh,1.7985,115.84375,15.5505,0,16.0075,14.737,0.015,0,8.988,69.406,9.124,106.62725,0.07525,16.6755,8.983,0,0.3245,4.50375,0.03525,3.79225,26.92875,1.578,0.00025,0.09175,3.196,3.28825,0.406,0.127,2.658,26.1049,79.3919
214,Hamirpur,Uttar Pradesh,2.04875,153.0175,50.25525,0,51.517,0.7055,0.0965,0,5.68175,150.4805,22.21675,125.2355,5.79325,24.3525,9.944,0,1.15075,14.0355,0.027,1.54675,44.33525,3.79725,0.00025,0.11325,2.37625,2.49025,0.141,0.157,1.09525,25.7500,80.0000
215,Banda,Uttar Pradesh,71.8295,186.64425,58.38225,0,60.5965,12.686,0.03275,0,8.92275,151.05975,29.63225,45.85825,0.54125,6.24,4.19525,0,0.347,4.798,0.0175,1.5165,13.02475,0.82675,0.00025,0.29875,1.8835,2.18175,0.43175,0.285,3.193,25.4439,80.5595
216,Varanasi,Uttar Pradesh,169.95275,193.11875,4.897,0,5.117,18.1185,7.347,0.02275,4.35075,12.0495,13.75375,20.14475,0.03125,0.56,1.019,0,0.11125,1.8165,0.02675,0,3.234,9.85575,0.00175,3.2375,9.52175,12.759,6.13475,0.518,5.4825,25.3356,83.0076
217,Mirzpur,Uttar Pradesh,153.51425,144.268,6.81675,0,7.1065,11.6195,17.0755,0.058,22.688,30.8905,23.38775,22.383,2.236,6.441,5.72225,0,0.87325,14.183,0.01725,0.002,26.3105,3.066,0,0.853,5.61875,6.47225,2.839,0.639,2.16425,27.1303,80.8597
218,Jaunpur,Uttar Pradesh,126.02275,183.196,4.13175,0,4.29625,6.209,49.7245,0.04275,3.11975,9.82825,10.825,12.87875,0.003,0.371,1.88775,0,0.00775,0.0965,0.03925,0.00025,1.9485,14.07475,0.0005,2.76625,12.28425,15.05025,10.808,1.13575,2.94475,25.7967,82.4889
219,Ghazipur,Uttar Pradesh,134.462,151.7495,3.8775,0,4.03025,14.00075,1.5115,0.003,8.98525,12.86125,7.944,17.35775,0.089,0.07075,0.46225,0,0.004,0.1235,0.0375,0.00025,0.61725,11.50825,0,3.0125,10.34525,13.35625,7.8385,0.8385,9.849,25.6035,83.5076
220,Ballia,Uttar Pradesh,111.28525,125.48125,2.28975,0,2.354,2.782,21.65325,0.027,8.51275,13.68375,8.9415,16.97275,0.2225,0.00375,0.77125,0,0.0215,0.0365,0.02475,0.00125,0.90075,10.56875,0.001,3.2085,8.321,11.52875,6.51975,0.6965,1.45775,25.8750,84.1210
221,Gorakhpur,Uttar Pradesh,312.9685,313.6945,0.09075,0,0.09075,0.31975,4.51525,0.02925,5.79475,6.55975,9.45175,20.94175,4.7885,0.3175,6.67375,0,0.0495,0.86475,0.0905,0.00225,11.3915,23.41525,0,8.209,10.457,18.6645,7.1385,0.5455,2.58025,26.6678,83.3642
222,Deoria,Uttar Pradesh,242.696,247.02575,0.3745,0,0.37675,0.83875,11.693,0.205,3.179,3.3185,8.7755,9.18475,1.671,0.27075,9.05425,0,0.00625,0.09275,0.06025,0.0005,9.88,82.96175,0.00025,7.67475,7.674,15.349,4.1535,0.501,0.84525,26.4240,83.7639
223,Basti,Uttar Pradesh,375.71675,328.22625,0.05225,0,0.05275,0.4785,9.4505,0.102,4.62075,13.435,11.425,24.64025,1.2285,0.30275,8.648,0,0.0705,1.34325,0.10475,0.0035,10.31575,35.20825,0,8.0205,9.33225,17.352,7.19975,0.57625,5.69825,26.8387,82.5351
224,Azamgarh,Uttar Pradesh,279.08025,288.916,0.11525,0,0.11525,0.70025,11.105,0.175,11.248,12.43925,15.491,13.208,0.62025,0.102,1.2015,0,0.0005,0.02225,0.0405,0.00025,1.46325,34.123,0,2.1025,9.89175,11.99325,6.78675,0.8955,5.78825,26.0236,83.0293
225,Lucknow,Uttar Pradesh,50.6155,80.416,5.36975,0,5.505,2.74125,3.512,0.0025,1.7015,4.8035,4.0995,10.11125,1.06725,0.70775,2.3735,0,0.0085,0.08125,0.05275,0,3.41125,0.66725,0.005,16.499,9.725,26.22275,5.767,0.2235,3.66025,26.8381,80.9346
226,Unnao,Uttar Pradesh,88.016,196.50675,10.378,0,10.61125,2.26075,33.29425,0.01025,9.30925,9.727,8.589,19.1385,5.86475,5.04525,10.65075,0,0.0395,0.3955,0.1595,0.00425,19.365,2.22675,0,10.507,10.67425,21.18125,6.20225,0.38575,4.96725,26.5673,80.6198
227,Rae-Bareily,Uttar Pradesh,133.52975,168.131,14.05425,0,14.4575,2.71325,0.23725,0.179,7.7775,10.47025,12.32525,22.773,2.609,1.894,6.13625,0,0.03475,0.34475,0.0845,0,9.60275,4.19525,0,0.9155,7.91325,8.8275,5.16425,0.37775,4.99425,27.1303,80.8597
228,Sitapur,Uttar Pradesh,142.96925,196.96975,9.112,0,9.31825,3.77725,19.25725,0,7.51525,10.5245,11.0825,33.5315,9.88,4.95725,14.01975,0,0.07,0.8265,0.05625,0.007,25.399,92.73525,0.0015,11.683,6.0095,17.69225,3.853,0.2345,6.005,27.5027,80.8335
229,Hardoi,Uttar Pradesh,113.54125,274.0915,15.10975,0,15.4515,6.17575,48.2095,0.0025,9.153,14.51425,8.01125,29.44225,16.269,9.4125,13.64025,0,0.00575,0.07575,0.2995,0.01125,35.75425,26.3185,0.00025,5.9265,13.63375,19.56025,9.5925,0.5855,5.6545,27.3370,80.0998
230,Kheri,Uttar Pradesh,175.068,187.67575,1.7025,0,1.714,0.64975,15.97875,0,2.42975,4.846,3.9575,26.181,9.51275,3.6535,28.81975,0,0.01475,0.3575,0.079,0.00375,36.80275,178.135,0,3.984,3.27775,7.261,1.467,0.131,9.03775,28.1167,80.7167
231,Faizabad,Uttar Pradesh,192.96275,194.65825,4.3575,0,4.50475,0.14275,4.1875,0.0025,2.18675,10.48025,7.1555,17.595,0.0795,0.096,4.846,0,0.004,0.085,0.076,0,4.2515,25.00025,0,7.45125,12.8285,20.28,8.79225,0.4035,8.0445,26.7808,82.1487
232,Gonda,Uttar Pradesh,240.01125,239.96425,0.37375,0,0.37825,0.196,70.29825,0.01275,3.7025,20.2415,15.1125,42.594,0.312,0.20675,20.5935,0,0.2095,2.55,0.018,0.01025,20.72375,65.7145,0,3.41125,7.45425,10.865,4.763,0.6365,4.56225,27.1104,81.9239
233,Bahraich,Uttar Pradesh,221.841,207.262,0.592,0,0.59875,0.19325,112.18275,0.004,3.37325,11.81325,9.12875,64.10375,3.773,0.709,12.30875,0,0.09075,1.81575,0.0515,0.0175,17.091,19.49125,0.00075,4.02175,5.156,9.178,2.81025,0.66875,2.76575,27.7344,81.4765
234,Sultanpur,Uttar Pradesh,154.73625,152.71675,9.2725,0,9.63925,0.79,5.4355,0.02025,5.18375,14.6635,10.29625,23.0005,0.043,0.3765,2.916,0,0.03325,0.3045,0.135,0,3.18275,9.68275,0,12.822,10.8255,23.647,6.2935,0.65725,8.6995,26.2605,82.2381
235,Pratapgarh,Uttar Pradesh,103.09575,134.2315,5.10375,0,5.2695,14.35525,1.82075,0.3255,5.18675,7.87075,12.31825,15.67775,0.0025,0.55425,1.47775,0,0.0195,0.16,0.0025,0,1.96475,1.9535,0,2.20625,7.8065,10.01225,6.03225,0.41125,2.98325,25.7500,81.7500
236,Barabanki,Uttar Pradesh,168.38525,154.01,5.33375,0,5.443,1.12925,6.8025,0.0055,1.58225,10.5995,6.2715,26.506,1.36175,0.303,10.40225,0,0.0095,0.14,0.028,0.00125,9.6585,13.807,0.00025,6.022,14.02325,20.04425,13.2415,0.4475,7.32425,26.9421,81.3856
237,Nainital,Uttarakhand,115.10325,118.05225,0.0025,0,0.0025,0.00625,7.388,3.1805,1.34075,1.17425,0.138,5.7225,0.07175,0.0805,7.45325,0.00025,0.00675,1.0605,0.11525,10.614,11.60575,37.19175,0,5.557,6.515,12.01675,2.385,0.158,11.36475,29.2950,79.4163
238,Almorah,Uttarakhand,34.46575,57.62,0,0,0,0,2.4335,33.1475,5.776,0.04575,0.013,4.15225,0.00075,0.1795,0.56575,0,0,0,0.00175,2.40325,0.62375,0,0,0.298,2.61775,2.917,1.15925,0.359,0.0155,30.0417,79.0897
239,Pithorgarh,Uttarakhand,32.0505,38.20075,0,0,0,0,4.36825,13.87275,5.61925,0.04425,0.026,6.848,0.0095,0.099,0.67575,0,0,0,0.00675,3.4035,1.12125,0.0065,0,0.188,3.35575,3.5455,1.4765,0.362,0.048,30.0417,79.0897
240,Chamoli,Uttarakhand,19.37825,23.0535,0,0,0,0,0.4025,12.741,2.29225,0.0055,0.13675,1.04525,0,0.0765,0.54025,0,0,0,0,1.368,0.44025,0,0,0.1395,2.07875,2.218,1.623,0.035,0.00225,30.4986,79.6191
241,Uttar Kashi,Uttarakhand,10.25125,13.20075,0,0,0,0,0.493,5.01175,0.4085,0.002,0.1785,1.859,0,0.64025,0.743,0,0,0,0.008,1.234,0.98225,0,0,0.45275,2.33825,2.79075,1.7225,0.00300000000000001,0,30.0417,79.0897
242,Tehri Garhwal,Uttarakhand,14.78525,31.78975,0,0,0,0,1.8565,13.36725,3.2555,0.013,0.7845,4.12,0,0.47375,0.7255,0,0,0,0,2.20625,1.06475,0.00025,0,0.06375,1.8635,1.926,1.01975,0.07375,0.0005,30.4658,78.4837
243,Garhwal,Uttarakhand,22.31475,35.0755,0,0,0,0,2.2775,23.712,7.09825,0.11475,0.389,4.35875,0.006,0.2125,0.69425,0,0,0,0.009,1.76075,0.65525,0.00075,0,0.12225,0.958,1.07975,0.35975,0.3585,0.091,30.2500,79.3333
244,Dehradun,Uttarakhand,13.5115,24.42425,0,0,0,0,11.38625,2.3355,1.55975,0.24575,0.161,2.70225,0.1575,0.44075,1.1325,0,0,0.0045,0.01425,1.10975,1.4865,5.6335,0,2.29075,2.522,4.8115,1.00425,0.01725,2.52025,30.3256,78.0437
601,Cachar,Assam,223.115,0.13375,0,0,0,0,0.12325,0,0,0.07375,0.18675,4.01925,0,0.22775,3.1575,0.061,-0.04125,-0.21825,0,0,4.58475,0.72725,0.185,7.217,12.617,18.8985,4.27425,0.21775,0.07825,24.7586,92.8817
602,Darrang,Assam,311.45975,9.744,0,0,0,0,2.33175,0,0,0.474,0.9935,14.331,0,1.69775,42.62475,0.303,0.03925,0.371,0,0,46.22475,1.767,0.11575,9.07675,27.88375,34.92025,13.24775,0.89925,0.21725,26.4373,92.0047
603,Dibrugarh,Assam,144.56925,2.01175,0,0,0,0,1.94025,0,0,0.0515,0.213,5.15375,0,0.36,16.638,-0.0205,-0.0305,-0.292,0,0,17.536,0.011,0.022,6.792,9.992,16.07775,3.87025,0.09875,1.1625,27.4845,94.9019
604,Goalpara,Assam,378.627,21.9075,0,0,0,0,1.86075,0,0,0.5955,1.15325,19.988,0,2.986,53.64625,0.25825,0.0735,1.01875,0,0,60.66675,0.1525,0.0435,9.8875,27.24475,35.3245,11.04775,1.044,0.3185,26.0492,90.6002
605,Kamrup,Assam,476.65625,18.77825,0,0,0,0,0.821,0,0,0.6855,1.10525,27.087,0,2.95625,47.5255,1.3685,0.10625,2.4075,0,0,62.43425,0.6435,0.10825,15.17675,36.835,49.7525,17.22925,1.2835,0.28675,26.1469,91.2227
606,Karbi Anglong,Assam,119.28125,1.50725,0,0,0,0,10.22425,0,0,0.48075,0.99925,1.8715,0,2.4225,16.268,0.01825,0.29975,-0.241,0,0,17.59325,3.44,0.85125,4.60925,3.79025,8.09475,0.754,0.13325,-0.19725,26.0713,93.4553
607,Lakhimpur,Assam,184.4645,1.98325,0,0,0,0,0.76375,0,0,0.041,0.13625,6.05575,0,0.536,35.02725,0.007,0.227,-0.2765,0,0,34.18025,-0.02625,0.0844999999999999,4.971,13.38175,17.6215,7.96375,0.2245,0.226,27.1763,94.1993
608,North Cachar Hil / Dima hasao,Assam,14.0775,0.039,0,0,0,0,1.61425,0,0,0.0195,0.24,0.56225,0,0.5465,2.2845,-0.045,0.01675,-0.29825,0,0,2.74875,1.1105,0.56475,5.59475,1.7475,7.0735,0.7635,0.0105,-0.1855,26.4074,93.2551
609,Nagaon,Assam,298.34,12.42175,0,0,0,0,0.708,0,0,0.3165,1.7575,13.2205,0,1.5155,30.88275,0.1445,0.01425,0.3125,0,0,36.2205,5.34125,0.1035,7.8075,17.041,23.4355,6.148,0.6775,0.2435,26.3314,92.7525
610,Sibsagar,Assam,286.0515,3.085,0,0,0,0,0.3545,0,0,0.053,0.1965,9.303,0,0.3415,23.9015,0.0035,0.00700000000000001,-0.296,0,0,24.97775,3.00975,0.045,9.0995,16.16375,24.16,4.598,0.3405,0.6805,26.9835,94.6394
626,Bilashpur,Himachal Pradesh,2.31725,25.34825,0,0,0,0.00425,25.42525,0.001,0.29775,0.67325,0.005,0.9065,0.0075,0.2405,0.30975,0,0,0.001,0,0.0145,0.526,0.0635,0.01375,0.186,0.24325,0.47975,-0.032,0.00850000000000001,0.07525,31.9292,77.1828
627,Chamba,Himachal Pradesh,3.048,18.90575,0,0,0,0.00275,27.19575,0.11375,4.13375,0.00425,0.00125,2.954,0,0.052,2.541,0,0,0.04475,0,0,2.21,0,0.00025,1.19875,0.63725,1.889,0.515,-0.00949999999999997,-0.015,32.6923,76.1632
629,Kangra,Himachal Pradesh,41.30875,153.09325,0.00925,0,0.00925,0.12075,117.07375,0.0125,3.2655,1.8265,0.028,5.91975,0.0105,4.084,2.3825,0,0,2.41225,0,0.0555,7.92675,1.2,0.081,4.08925,2.509,6.6615,1.63675,0.26,3.47225,32.0769,76.2986
630,Kinnaur,Himachal Pradesh,-0.028,0.56275,0,0,0,0.00225,0.37075,0.08925,1.4005,0,0.00525,0.71375,0,0,0.02475,0,0,0,0,0,0.0095,0,0,1.65225,0.3375,2.217,0.2025,-0.05,-0.02075,31.5930,78.3281
631,Kullu,Himachal Pradesh,2.01825,22.0005,0,0,0,0,15.8745,0.124,3.67275,0.04775,0.09625,2.513,0.013,0.00125,0.67575,0,0,0.008,0,0.00325,0.538,0,0,5.61,1.725,7.42725,0.99525,-0.0175,0.004,31.9579,77.1089
632,Lahul & Spiti,Himachal Pradesh,0,0.05275,0.00025,0,0.00025,0,0.0285,0,0.58925,0,0.00375,0.70975,0,0,0.026,0,0,0,0,0,0.0125,0,0,-0.00949999999999998,1.0135,1.05375,0.87325,-0.05,-0.025,31.9292,77.1828
633,Solan,Himachal Pradesh,4.08325,23.724,0.069,0,0.069,0.00225,23.595,0,1.73625,1.2165,0.113,2.7465,0.36525,0.301,0.41675,0,0,0.00575,0,0.015,1.0115,0.215,0.05175,0.54275,1.958,2.5515,0.0635,-0.025,0.78,30.9078,77.1024
634,Mandi,Himachal Pradesh,21.78425,63.48625,0,0,0,0.02625,46.22575,1.41375,4.09875,0.0895,0.00175,4.07025,0.0065,0.05875,0.38575,0,0,0.3695,0,0.28975,0.9225,0.012,0.00075,4.38425,3.54175,7.9765,2.1085,0.04025,0.4745,31.6517,77.0093
635,Shimla,Himachal Pradesh,3.04625,21.24675,0,0,0,0.014,16.812,1.4015,5.09025,0.03625,0.01575,4.591,0.0105,0.0485,0.54575,0,0,0,0,0.01525,0.5455,0.00125,0,19.3305,8.34575,27.812,5.3295,-0.0205,-0.015,31.1040,77.1708
636,Sirmaur,Himachal Pradesh,5.24025,27.07875,0.02025,0,0.02025,0.03125,23.89875,0.375,2.597,0.395,0.005,3.1035,0.03875,0.21875,0.7275,0,0,0.00025,0,0.03575,0.92675,1.1175,0.01125,1.10775,2.24025,3.40675,1.047,0.04175,1.0855,30.6991,77.4465
651,Alappuzha,Kerala,48.971,0,0,0,0,0,0,0.0015,0,0,0,0.24025,0.00025,1.892,0,0,0,0,0,0,53.30525,0.67575,0,15.32625,10.56675,25.89175,0,0,0.12425,9.5003,76.4123
652,Kannur,Kerala,35.0745,0,0.008,0,0.008,0,0,0.00225,0,0,0.0115,1.965,0.0085,0.12,0,0,0,0,0,0,125.9655,0.0335,0,86.796,13.41525,100.21025,0,0,0.278,11.8764,75.3738
653,Eranakulam,Kerala,48.7815,0,0.0025,0,0.0025,0,0,0.01575,0,0,0,1.3155,0,0.91825,0,0,0,0,0,0,59.8905,0.42425,0,25.97825,11.5375,37.51475,0.02825,0,0.288,10.0384,76.5074
655,Kottayam,Kerala,25.402,0,0.00575,0,0.00575,0,0.0005,0.0585,0,0,0.0005,1.46625,0,0.10475,0,0,0,0,0,0,53.62925,1.674,0,27.86775,21.477,49.341,0.114,0.00025,0.8835,9.6287,76.6455
656,Kozhikode,Kerala,22.35325,0,0.00175,0,0.00175,0,0,0.00575,0,0,0.02,0.68775,0,0.0585,0,0,0,0,0,0,117.81825,0.02925,0,39.8925,9.479,49.37075,0,0,0.17775,11.2451,75.7755
657,Malappuram,Kerala,36.12625,0,0.0015,0,0.0015,0,0,0.00475,0,0,0,0.65475,0.00075,1.03475,0,0,0,0,0,0,89.67625,0.03975,0,37.30125,14.45275,51.7525,0,0,0.02825,11.1068,76.1100
658,Palakkad,Kerala,125.4845,0,2.22525,0,2.2455,0,0.00875,0.9055,0,0,0.10225,4.18225,6.5295,0.46225,0,0,0,0,0,0.0005,49.11975,1.9525,4.8025,32.97825,15.84275,48.82125,0.00125,0.00875,0.48925,10.7874,76.4742
659,Kollam,Kerala,27.07625,0,0.0005,0,0.0005,0,0,0.00225,0,0,0,0.9095,0.00025,1.0575,0,0,0,0,0,0,87.4515,0.5545,0,32.34625,39.614,71.95925,0,0,0.3485,8.8871,76.5907
660,Thrissur,Kerala,56.397,0,0.00175,0,0.00175,0,0,0.00725,0,0,0,0.85425,0,0.481,0,0,0,0,0,0,73.64425,0.0165,0,23.49375,6.23,29.7225,0,0,0.06,10.5270,76.2146
661,Thiruvananthapuram,Kerala,13.7405,0,0,0,0,0,0,0.00425,0,0,0,1.3265,0.002,0.00875,0,0,0,0,0,0,76.06525,0.0125,0,23.12975,29.68275,52.81225,0,0,0.14175,8.4882,76.9476
701,Balasore,Orissa,405.4545,2.453,0.0375,0,0.0375,0.00075,1.07075,0.003,0,0.5185,0.46475,61.039,11.995,3.92525,9.72525,0.05425,0.35025,0,0.43575,0.0065,27.22375,1.56225,0.0155,13.20675,56.893,66.47575,0.4535,2.766,-0.3,21.5006,86.9199
702,Bolangir,Orissa,322.05475,3.94475,0.7445,0,0.75575,0,4.6385,5.68325,0,3.43925,11.3405,133.83025,15.59575,24.3855,7.97975,0.13875,0.58025,0.12975,1.322,0.036,51.299,3.688,12.10225,10.23275,47.12775,52.7375,0.20575,6.07575,-0.3,20.7502,83.2499
703,Cuttack,Orissa,523.82425,3.022,0.417,0,0.421,0,4.30125,4.41475,0,0.962,4.573,283.87025,72.01525,8.55125,13.06825,0.0585,0.33375,0.3505,0.57,0.013,95.4005,5.3115,0.02925,29.07875,91.511,114.2455,3.6295,3.68925,-0.3,20.4686,85.8792
704,Dhenkanal,Orissa,222.65,1.5425,0.00925,0,0.00925,0.00625,8.54425,2.1965,0,1.8555,14.41275,145.67825,32.47425,54.88075,8.5655,0.0055,0.97525,0.007,0.25575,0.00975,98.67525,2.567,0.10825,24.5655,45.78975,66.88375,1.07875,4.5165,-0.3,20.8351,85.6022
705,Ganjam,Orissa,305.63825,0.2465,3.052,0,3.19825,1.7395,16.126,58.804,0,0.3195,14.71525,221.77775,29.63075,31.11475,3.87525,0.0255,1.69225,0.0675,0.943,0.011,74.08175,4.528,1.47975,28.92375,50.91775,76.1045,0.40175,1.44825,-0.3,19.6090,84.7081
706,Kalahandi,Orissa,329.54925,2.285,2.346,0,2.37325,0.21,15.467,16.82125,0,12.09425,22.64325,205.87975,20.77775,26.9575,14.9745,1.4605,3.55525,4.2545,1.564,0.05025,89.96775,2.82275,15.491,12.67675,41.193,51.14925,0.11975,3.993,-0.3,19.8266,83.0409
707,Keonjhar,Orissa,203.983,1.5145,0.51075,0,0.518,0.24325,22.096,1.78325,0,2.746,7.089,55.14125,4.4165,6.92275,8.98975,0.024,0.191,2.15225,0.26225,0.0025,41.9785,0.48,0.02925,12.717,37.94725,47.02475,0.35,0.9635,-0.3,21.5000,85.5000
708,Koraput,Orissa,416.2315,1.97475,7.72375,0,7.805,2.63175,70.41975,110.84725,0,6.4,28.71625,111.0615,11.7385,34.521,13.067,0.43275,3.72425,1.8095,0.94825,0.20475,143.64825,8.99975,10.873,47.5145,74.568,115.91625,0.73075,3.855,-0.3,18.7232,82.6101
709,Mayurbhanja,Orissa,328.275,2.11425,0.64475,0,0.64525,0.0505,10.93825,0.48075,0,4.389,7.919,47.01975,5.54625,4.07925,5.511,0.01525,0.38675,6.58725,0.11525,0.00075,37.0125,0.294,0.023,13.01875,37.299,47.836,0.2345,1.87225,-0.3,20.5431,84.6897
710,Phulbani ( Kandhamal ),Orissa,111.49475,0.59575,0.78025,0,0.80025,0.08625,18.45225,5.89625,0,0.5465,10.321,56.63675,2.58025,7.92775,19.323,0.04425,0.3805,0.0185,0.2485,0.00175,51.28175,0.486,0.26975,12.92725,28.16025,38.21475,0.765,1.17125,-0.3,20.4762,84.2349
711,Puri,Orissa,378.4885,0.79525,0.2615,0,0.264,0.005,5.32425,7.39625,0,0.3635,2.00075,188.097,17.95725,10.40175,5.41225,0.038,0.165,1.11125,0.4125,0.005,37.00725,5.495,0.034,36.40175,52.769,85.27725,1.13125,1.6255,-0.3,19.8076,85.8253
712,Sambalpur,Orissa,538.29475,4.07775,0.4245,0,0.42725,0.01375,4.92275,0.66925,0,1.407,4.85525,131.571,38.58575,38.40975,13.44025,0.0215,0.37125,0,0.89375,0.0745,93.41675,2.51325,0.51925,20.711,53.113,70.4585,1.165,4.00275,-0.3,21.5571,84.1529
713,Sundargarh,Orissa,218.49625,3.439,1.42725,0,1.5065,0.15225,6.94775,1.5895,0,3.191,6.44,52.75075,4.8225,14.783,5.6085,0.01975,0.34125,0.81125,0.273,0.12975,32.1635,0.27625,0.0425,13.906,31.00025,42.57725,0.69475,1.51275,-0.3,22.0605,83.9359
800,24 Parganas,West Bengal,676.14,9.96425,0,0,0,0,0.2435,0,0.00475,1.20525,0.10025,28.14175,1.4365,6.6185,34.13475,0.035,0,0.07325,1.99075,0.0665,38.78775,0.7845,0.654,16.40325,82.69525,98.60575,8.47525,0.83825,0.056,22.6927,88.6626
803,Nadia,West Bengal,258.45325,45.818,0.00225,0,0.00225,0,1.60875,0,0.44925,12.0235,0.27425,49.51375,3.91775,13.01775,59.653,0.016,0,0.83775,0.193,0.0045,68.4665,2.403,0.02875,8.955,47.8745,56.713,3.887,0.61475,0.117,23.4847,88.5567
804,Murshidabad,West Bengal,349.1415,103.45875,0.30775,0,0.31575,0.01625,2.5175,0,3.74175,6.821,0.83325,55.20025,0.2855,8.1355,60.2915,0.001,0,0.45925,0.0305,0.00125,58.923,4.91025,0.1155,13.1465,46.7905,59.98275,8.5485,1.00425,0.33875,24.1746,88.2721
805,Burdwan,West Bengal,584.14625,5.15375,0,0.00075,0.00075,0.01,0.27225,0,0.059,0.75325,0.09825,4.98325,1.20225,9.23925,32.37675,0.008,0,0.07975,0.0345,0.0085,41.00125,1.08,0.0985,3.82075,53.27525,57.1815,42.69975,3.31225,-0.17,23.2496,87.8682
806,Birbhum,West Bengal,362.94125,24.64425,0.06675,0,0.0805,0.029,0.423,0,0.22725,7.502,0.061,9.83975,0.135,2.258,30.74175,0.0165,0,0.20175,0.022,0.01975,30.7115,1.48075,0.022,2.26225,29.943,32.1955,11.853,0.8845,-0.0247499999999999,24.0622,87.6983
807,Bankura,West Bengal,379.1175,7.21025,0.0335,0,0.037,0.04225,1.09775,0.002,0.01,0.19525,0.05525,2.549,0.44125,14.249,11.495,0,0,0.09025,0.12275,0.01575,25.577,0.217,0.02225,2.846,35.98975,38.9295,20.45125,0.72125,-0.2365,23.1324,87.2082
810,Hooghly,West Bengal,271.148,2.3105,0.00075,0,0.00075,0.00225,0.081,0,0.00025,0.08,0.0105,2.34925,5.71375,18.47525,9.05675,0,0,0,0.0175,0,29.94925,0.2015,0.025,6.2915,61.994,67.8425,74.0885,4.693,-0.019,22.9099,88.0121
811,Howrah,West Bengal,115.20375,0.454,0,0,0,0,0.04225,0,0,0.0075,0,3.582,1.915,1.70625,1.11975,0,0,0.0015,0.04675,0,4.878,0.048,0.0785,1.2195,11.0445,12.45325,5.94,0.24625,-0.23625,22.5736,88.3251
812,Jalpaiguri,West Bengal,249.5805,16.9535,0,0,0,0,7.41275,0.28025,0.151,0.05875,0.02125,5.83325,1.16,0.97425,8.498,0.011,0,0.6695,0.0315,0.00275,11.24175,0.102,0.02,5.36,37.7635,43.20175,17.70525,0.21325,-0.25,26.6263,88.7334
813,Darjeeling,West Bengal,38.9785,2.465,0,0,0,0,19.5065,7.353,0.15525,0.004,0.0105,1.54725,0.02425,0.17,0.376,0.0005,0,0.11475,0.003,0.3075,0.78075,0.002,0.004,4.9465,12.66875,17.798,6.1425,0.38875,-0.249,27.0378,88.2632
814,Malda,West Bengal,220.61925,40.134,0,0,0,0,9.58575,0,4.0155,6.78875,0.25675,30.08425,0.1305,0.24275,26.4225,0,0,0.32825,0.02525,0.03725,24.3075,2.80675,0.01275,16.51425,28.90325,45.563,2.74775,0.27175,-0.247,25.0057,88.1398
816,Cooch Behar,West Bengal,286.5545,16.72025,0,0,0,0.01125,4.43875,0.022,0.059,0.00375,0.0095,8.877,0.23225,0.53425,10.19,0,0,0.8635,0.06125,0.00475,12.78425,0.0925,0.0315,2.891,35.70225,38.7315,14.82325,0.2515,-0.22675,26.2559,89.4201
817,Purulia,West Bengal,270.931,2.24475,0.0435,0,0.05,0.02975,9.792,0.1945,0.00025,0.30375,0.55875,15.70875,1.244,0.789,1.194,0.0105,0,0.6065,0.0115,0.0135,4.38325,0.43475,0.0165,1.96075,17.3295,19.4845,1.0795,-0.00200000000000001,-0.17525,23.2021,86.3229
818,Midnapur,West Bengal,1030.686,8.67075,0.0055,0,0.006,0.002,1.08825,0.016,0.001,0.1005,0.482,22.22525,15.55825,35.366,17.60475,0.062,0.041,0.0165,0.249,0.01125,59.26675,2.69725,0.16,11.51925,77.785,89.52875,53.2715,2.35675,-0.25,22.4205,87.3219
822,West Dinajpur,West Bengal,457.090294117647,44.3852941176471,0,0.000882352941176471,0.000882352941176471,0,16.0208823529412,0.389411764705882,0.569705882352941,2.34941176470588,0.0152941176470588,15.5676470588235,0.169117647058824,2.21647058823529,55.9241176470588,0.00676470588235294,0,1.06558823529412,0.025,0.00411764705882353,51.5697058823529,0.491470588235294,0.0123529411764706,7.45558823529412,51.555,59.2764705882353,10.3958823529412,0.946764705882353,-0.276470588235294,25.5000,88.5000
901,Champaran,Bihar,430.2335,203.63825,0.10625,0,0.10625,0.045,64.25,1.57975,4.37725,0.6685,5.73125,42.74775,0.05,0.48525,12.3215,0.0095,0.00225,2.539,2.24025,0.00675,12.56525,71.32775,0.003,14.33575,25.91725,40.2505,11.409,1.5215,0.0555,27.0518,84.3351
902,Muzaffarpur,Bihar,320.325,186.134,0.08875,0,0.08875,0.02375,66.70425,4.511,3.0565,1.06525,4.23325,59.55725,0.00975,0.17475,6.78825,0.007,0.00725,0.82975,0.029,0.00175,6.02475,11.08125,0.00575,19.44825,33.608,53.0525,12.53225,1.29675,2.215,26.1483,85.3316
903,Darbhanga,Bihar,360.715,178.52025,0.0365,0,0.0365,0.0545,66.9295,10.565,1.9025,3.4785,3.8495,50.5255,0.00125,0.51075,8.1935,0.07025,0.03525,1.5215,0.093,0.00025,8.554,5.82,0.002,21.942,31.62325,53.5655,13.67475,1.10025,0.79425,26.0830,86.0325
904,Saharsa,Bihar,185.1525,90.43475,0.01525,0,0.01525,0,43.8225,6.029,0.62125,0.329,0.28,59.1965,0.03525,0.2335,3.31375,0.001,0,1.454,2.31675,0,5.50775,0.29675,0,4.80275,10.89075,15.6935,4.6045,0.45975,-0.06875,25.8331,86.6144
905,Purnea,Bihar,458.68675,148.27025,0.31025,0,0.31025,0.018,84.1465,2.43275,2.0695,3.73225,1.1615,50.60675,0.04025,0.53975,13.08825,0.0185,0.002,3.6435,2.98125,0,16.1905,0.58225,0.00825,12.06275,32.648,44.7095,15.567,1.1025,-0.0235,25.7774,87.4731
906,Saran,Bihar,275.33525,263.03825,0.06325,0,0.06325,0.2455,73.39625,3.96925,2.98625,2.52375,7.669,12.01825,0.00675,0.13725,6.84925,0.01475,0.00675,0.44225,0.01175,0.00025,5.69475,24.011,0.01325,9.414,23.56225,32.975,11.49125,0.734,0.15575,25.9214,84.7760
907,Patna,Bihar,200.6675,138.2185,0.059,0,0.059,0.04125,16.57175,0.25975,1.4745,16.59625,1.20175,76.79475,0.11625,0.051,3.89725,0.00825,0.014,0.46825,0.0875,0.0005,3.29525,0.837,0.00075,0.97625,17.10725,18.08375,7.83075,1.2295,2.224,25.6093,85.1235
908,Mungair,Bihar,178.768,177.276,0.12125,0.00325,0.12475,0.008,135.405,0.696,2.64175,12.4695,3.553,42.3735,0.00675,0.10925,10.53125,0.014,0.07275,0.7295,0.7335,0,8.72875,3.1145,0.0005,4.1505,16.37675,20.526,5.3565,0.85925,1.382,25.6441,85.9065
909,Bhagalpur,Bihar,143.2925,64.4845,0.101,0,0.1035,0.011,57.034,0.167,4.95925,8.97575,2.07075,22.877,0.003,0.1445,2.446,0.00125,0.028,1.0585,0.2535,0,3.99075,3.6,0.00275,3.8815,8.19775,12.0785,3.3955,0.19875,0.02975,25.2861,87.1304
910,Santhal Paragana / Dumka,Jharkhand,310.388684210526,19.9013157894737,0.0147368421052632,0,0.0147368421052632,0.403157894736842,35.9381578947368,1.04736842105263,1.28342105263158,7.38473684210526,3.47973684210526,16.7931578947368,0.100789473684211,0.242631578947368,8.28894736842105,0.0323684210526316,0.000526315789473684,0.607631578947368,0.0357894736842105,0.0155263157894737,7.27578947368421,0.166315789473684,0.000263157894736842,0.243947368421053,6.89763157894737,7.14131578947368,4.54684210526316,0.213157894736842,-0.0652631578947368,23.4560,85.2557
911,Shahabad (now part of Bhojpur district),Bihar,475.0205,332.56075,1.70475,0,1.70475,1.76425,5.82075,0.1585,7.337,28.676,4.9575,68.01475,0.08875,0.493,6.57125,0.0405,0,4.08025,0.01475,0.00075,10.715,2.35225,0.0005,5.0255,16.14025,21.16325,7.9645,0.88175,1.5305,25.6441,85.9065
912,Gaya,Bihar,426.17925,201.8095,0.1835,0,0.1835,0.01575,11.85075,1.966,5.2945,19.227,3.98425,71.84575,0.2855,0.68675,3.38125,0.0005,0.01175,6.6985,0.11575,0.00075,11.70525,3.24025,0.0025,0.741,17.72325,18.4625,9.234,0.95175,0.38225,24.7964,85.0080
913,Hazaribagh,Jharkhand,176.098947368421,13.7063157894737,0.0623684210526316,0,0.0623684210526316,0.421315789473684,27.8113157894737,7.59868421052632,0.641315789473684,4.83078947368421,3.26842105263158,8.90973684210527,0.175526315789474,0.359473684210526,3.62473684210526,0.00973684210526316,0.00131578947368421,0.271578947368421,0.00342105263157895,0.0144736842105263,5.10473684210526,1.14315789473684,0,0.101578947368421,14.6663157894737,14.7665789473684,12.1234210526316,0.672105263157895,-0.0784210526315789,24.0867,85.4912
914,Dhanbad,Jharkhand,39.2078947368421,0.621052631578947,0.00473684210526316,0,0.00473684210526316,0.0436842105263158,3.05368421052632,0.497105263157895,0.0534210526315789,0.266578947368421,0.203157894736842,0.847631578947368,0.0131578947368421,0.0210526315789474,0.320526315789474,0,0.000263157894736842,0.00605263157894737,0.0328947368421053,0.00184210526315789,0.112105263157895,0.00289473684210526,0,0.02,1.76552631578947,1.78526315789474,0.274473684210526,0.0307894736842105,-0.0789473684210526,23.7953,86.4310
915,Palamau,Jharkhand,76.6036842105263,18.0194736842105,0.176578947368421,0,0.176578947368421,0.0418421052631579,33.5881578947369,1.80289473684211,4.67631578947369,10.4526315789474,13.5910526315789,13.1557894736842,0.628684210526316,5.64684210526316,5.54552631578947,0.00921052631578947,0.00157894736842105,0.502631578947368,0.0371052631578947,0.0102631578947368,11.4934210526316,0.835526315789474,0.00105263157894737,0.0881578947368421,5.78421052631579,5.87052631578947,3.86368421052632,0.516315789473684,-0.0763157894736842,23.8955,84.2306
916,Ranchi,Jharkhand,398.772894736842,8.51184210526316,0.015,0,0.015,0.152631578947368,10.6163157894737,28.8213157894737,0.176842105263158,3.88578947368421,5.55684210526316,26.68,1.43236842105263,0.25,3.91157894736842,0.0231578947368421,0.00263157894736842,0.21,0.0478947368421053,0.0202631578947368,13.8568421052632,0.0323684210526316,0.00184210526315789,2.56394736842105,23.1242105263158,25.6873684210526,8.60947368421053,0.931842105263158,-0.0705263157894737,23.3701,85.3250
917,Singhbhum,Jharkhand,292.133157894737,1.34921052631579,0.066578947368421,0,0.066578947368421,0.154736842105263,5.24631578947368,0.625,0.00289473684210526,1.66157894736842,1.25289473684211,4.75894736842105,0.0426315789473684,0.128421052631579,1.21263157894737,0.000789473684210526,0.000263157894736842,0.92421052631579,0.0618421052631579,0.0131578947368421,2.25342105263158,0.00789473684210527,0.000263157894736842,0.0218421052631579,4.22210526315789,4.24315789473684,0.369736842105263,0.0386842105263158,-0.0789473684210526,22.5000,85.5000